SKU,Title,Category,Dataset,SourceImageUrl,LocalImage,SHA256,PairingStatus
PK-DJ-0001,Essence Mascara Lash Princess,beauty-personal-care,DummyJSON,https://cdn.dummyjson.com/product-images/beauty/essence-mascara-lash-princess/thumbnail.webp,/images/products/pk-dj-0001.webp,3ea4bbc5bd364160cbcc4c068ac84cb04c3b8ddd2ed0cbf85da8c32db0c8c081,source-record-paired
PK-DJ-0002,Eyeshadow Palette with Mirror,beauty-personal-care,DummyJSON,https://cdn.dummyjson.com/product-images/beauty/eyeshadow-palette-with-mirror/thumbnail.webp,/images/products/pk-dj-0002.webp,706d0b1b6b5bf2333cc21ea79377d4f293f011845de226af3b66e2246f2a2693,source-record-paired
PK-DJ-0003,Powder Canister,beauty-personal-care,DummyJSON,https://cdn.dummyjson.com/product-images/beauty/powder-canister/thumbnail.webp,/images/products/pk-dj-0003.webp,f50302278677ec7f3f9d8398f6265260320ce95f672fad4ce3eaa2299e515405,source-record-paired
PK-DJ-0004,Red Lipstick,beauty-personal-care,DummyJSON,https://cdn.dummyjson.com/product-images/beauty/red-lipstick/thumbnail.webp,/images/products/pk-dj-0004.webp,b4a67c78d762f5ba42b5c3a91cf6070e1cc3ec7df0cd3f2973a36ca8e2d89d06,source-record-paired
PK-DJ-0005,Red Nail Polish,beauty-personal-care,DummyJSON,https://cdn.dummyjson.com/product-images/beauty/red-nail-polish/thumbnail.webp,/images/products/pk-dj-0005.webp,d112bda658d4ad9ad7bf14f87e2bf888ac3dde2e6ddcd5050601dc8a33a6f8c3,source-record-paired
PK-DJ-0006,Calvin Klein CK One,beauty-personal-care,DummyJSON,https://cdn.dummyjson.com/product-images/fragrances/calvin-klein-ck-one/thumbnail.webp,/images/products/pk-dj-0006.webp,4c0b5df632c3777e27704117edd4f50bfc14e101313ac1cd883ac968bdc9392e,source-record-paired
PK-DJ-0007,Chanel Coco Noir Eau De,beauty-personal-care,DummyJSON,https://cdn.dummyjson.com/product-images/fragrances/chanel-coco-noir-eau-de/thumbnail.webp,/images/products/pk-dj-0007.webp,d32f5fa8567862e7b6fe0f4afaacc29e42f5aa034b07bf5a3b151226c01e324d,source-record-paired
PK-DJ-0008,Dior J'adore,beauty-personal-care,DummyJSON,https://cdn.dummyjson.com/product-images/fragrances/dior-j'adore/thumbnail.webp,/images/products/pk-dj-0008.webp,f02278d68cecb8d44f2ae5685d608b8fb75ab491f1cc35517c56352931a85cb2,source-record-paired
PK-DJ-0009,Dolce Shine Eau de,beauty-personal-care,DummyJSON,https://cdn.dummyjson.com/product-images/fragrances/dolce-shine-eau-de/thumbnail.webp,/images/products/pk-dj-0009.webp,3a69690cec1ba6de47d4cf6adfbc55e8ed438bed61c2a6c4bdf12fcc7f4724f5,source-record-paired
PK-DJ-0010,Gucci Bloom Eau de,beauty-personal-care,DummyJSON,https://cdn.dummyjson.com/product-images/fragrances/gucci-bloom-eau-de/thumbnail.webp,/images/products/pk-dj-0010.webp,d9b906db6f9c188d28223d0c425126b7af4a5f302fd40bd912bcba6a7fe03f6f,source-record-paired
PK-DJ-0011,Annibale Colombo Bed,furniture-decor,DummyJSON,https://cdn.dummyjson.com/product-images/furniture/annibale-colombo-bed/thumbnail.webp,/images/products/pk-dj-0011.webp,738b5e45a6926f7580698542684b2394db160b80e37c1b05ac980ffee22f5adc,source-record-paired
PK-DJ-0012,Annibale Colombo Sofa,furniture-decor,DummyJSON,https://cdn.dummyjson.com/product-images/furniture/annibale-colombo-sofa/thumbnail.webp,/images/products/pk-dj-0012.webp,def23c724944f4a6c4b5f437cf8f54670911d562a1e06d595d47eee2e10e5dd2,source-record-paired
PK-DJ-0013,Bedside Table African Cherry,furniture-decor,DummyJSON,https://cdn.dummyjson.com/product-images/furniture/bedside-table-african-cherry/thumbnail.webp,/images/products/pk-dj-0013.webp,4aad14397bdf875592e1a4c0483b2e92a9288c9c673628cc3716acf5cd2635fb,source-record-paired
PK-DJ-0014,Knoll Saarinen Executive Conference Chair,furniture-decor,DummyJSON,https://cdn.dummyjson.com/product-images/furniture/knoll-saarinen-executive-conference-chair/thumbnail.webp,/images/products/pk-dj-0014.webp,fda4b6822d01ca553a5ffea0be18577a2f641fc4836c7858fa0690a37db9477f,source-record-paired
PK-DJ-0015,Wooden Bathroom Sink With Mirror,furniture-decor,DummyJSON,https://cdn.dummyjson.com/product-images/furniture/wooden-bathroom-sink-with-mirror/thumbnail.webp,/images/products/pk-dj-0015.webp,2ec3266fe5ca8bc9cccaa1efc9a385ee6b5a0378bf552f93e90ca2d76e30a7d1,source-record-paired
PK-DJ-0016,Apple,grocery-beverages,DummyJSON,https://cdn.dummyjson.com/product-images/groceries/apple/thumbnail.webp,/images/products/pk-dj-0016.webp,02c7e6f13252fac7de546c8a895331ca909c7dec2c382208e2f8f6a2492a230a,source-record-paired
PK-DJ-0017,Beef Steak,grocery-beverages,DummyJSON,https://cdn.dummyjson.com/product-images/groceries/beef-steak/thumbnail.webp,/images/products/pk-dj-0017.webp,b324b5a581f48766c19d3fbf4ff196c3c12e10cc7163830c242b320799be8e7f,source-record-paired
PK-DJ-0018,Cat Food,grocery-beverages,DummyJSON,https://cdn.dummyjson.com/product-images/groceries/cat-food/thumbnail.webp,/images/products/pk-dj-0018.webp,5839471b04128c9eed9fe82a102b8b15d15f4b32fbc113d78b2aaf5b96b6628b,source-record-paired
PK-DJ-0019,Chicken Meat,grocery-beverages,DummyJSON,https://cdn.dummyjson.com/product-images/groceries/chicken-meat/thumbnail.webp,/images/products/pk-dj-0019.webp,bd5bbfe1a9de590c452eb1ad1540b036608d398c32dce2b0539f6928a3e3b9e2,source-record-paired
PK-DJ-0020,Cooking Oil,grocery-beverages,DummyJSON,https://cdn.dummyjson.com/product-images/groceries/cooking-oil/thumbnail.webp,/images/products/pk-dj-0020.webp,a78ebc374f2e805f9d21d1aa04ce8b2c449f1ec80222ad5d83116274c3208d99,source-record-paired
PK-DJ-0021,Cucumber,grocery-beverages,DummyJSON,https://cdn.dummyjson.com/product-images/groceries/cucumber/thumbnail.webp,/images/products/pk-dj-0021.webp,3b2cea4742938d8c052e57912327873fd20084fc52f82fa885ac37886b8d1a7c,source-record-paired
PK-DJ-0022,Dog Food,grocery-beverages,DummyJSON,https://cdn.dummyjson.com/product-images/groceries/dog-food/thumbnail.webp,/images/products/pk-dj-0022.webp,81b8d0d82952954d989ae9cff4cb1d8763db000790ed8bcd091cda6e09a5299b,source-record-paired
PK-DJ-0023,Eggs,grocery-beverages,DummyJSON,https://cdn.dummyjson.com/product-images/groceries/eggs/thumbnail.webp,/images/products/pk-dj-0023.webp,3d7bacf59d3e5745a2d8b7bd48e87da07453eb6659bc98031243ca90f54e2585,source-record-paired
PK-DJ-0024,Fish Steak,grocery-beverages,DummyJSON,https://cdn.dummyjson.com/product-images/groceries/fish-steak/thumbnail.webp,/images/products/pk-dj-0024.webp,fbaf174c3474b35da304c2278dc8896365bb9f9ab5d3b0751b592a1a1ded1275,source-record-paired
PK-DJ-0025,Green Bell Pepper,grocery-beverages,DummyJSON,https://cdn.dummyjson.com/product-images/groceries/green-bell-pepper/thumbnail.webp,/images/products/pk-dj-0025.webp,904eceda58886ccfffb62e2acb05a19a5236fc2b24f772f717124c89506f8f2e,source-record-paired
PK-DJ-0026,Green Chili Pepper,grocery-beverages,DummyJSON,https://cdn.dummyjson.com/product-images/groceries/green-chili-pepper/thumbnail.webp,/images/products/pk-dj-0026.webp,89b097a03c1f0d52ae9a0fad1701b2baebd4c8e51488a3d660328956a94b1c20,source-record-paired
PK-DJ-0027,Honey Jar,grocery-beverages,DummyJSON,https://cdn.dummyjson.com/product-images/groceries/honey-jar/thumbnail.webp,/images/products/pk-dj-0027.webp,041d36cd60cbfa1d8025cbd31870d3efdd0b6e4174e6a173ebfa524a164fe48a,source-record-paired
PK-DJ-0028,Ice Cream,grocery-beverages,DummyJSON,https://cdn.dummyjson.com/product-images/groceries/ice-cream/thumbnail.webp,/images/products/pk-dj-0028.webp,53ddc526ab4717f1ec5c71278b99ea706280fe7bfa91dffc34c1f5e5f89f6d8d,source-record-paired
PK-DJ-0029,Juice,grocery-beverages,DummyJSON,https://cdn.dummyjson.com/product-images/groceries/juice/thumbnail.webp,/images/products/pk-dj-0029.webp,254454d56a9e1c164f1ff698f98eab6a675d49052a9e9514aa3775a1add5a7ea,source-record-paired
PK-DJ-0030,Kiwi,grocery-beverages,DummyJSON,https://cdn.dummyjson.com/product-images/groceries/kiwi/thumbnail.webp,/images/products/pk-dj-0030.webp,ca5d9d1c125c8d6d7ab84a947ebd556559008b2c1eaa41b5765cf5ac81dc0dea,source-record-paired
PK-DJ-0031,Lemon,grocery-beverages,DummyJSON,https://cdn.dummyjson.com/product-images/groceries/lemon/thumbnail.webp,/images/products/pk-dj-0031.webp,4f9fc518dd968c49e2d23b80fd4e57e8108268668a20bac4ff8e98fdbe100baf,source-record-paired
PK-DJ-0032,Milk,grocery-beverages,DummyJSON,https://cdn.dummyjson.com/product-images/groceries/milk/thumbnail.webp,/images/products/pk-dj-0032.webp,d1828d20badb75702fbb6bc15caaccbc27338dde2650378beba8626602ae5192,source-record-paired
PK-DJ-0033,Mulberry,grocery-beverages,DummyJSON,https://cdn.dummyjson.com/product-images/groceries/mulberry/thumbnail.webp,/images/products/pk-dj-0033.webp,beb53048476faf0b7ebcd1fac9889fc7721886acdc51dc4af22b47eaec99f863,source-record-paired
PK-DJ-0034,Nescafe Coffee,grocery-beverages,DummyJSON,https://cdn.dummyjson.com/product-images/groceries/nescafe-coffee/thumbnail.webp,/images/products/pk-dj-0034.webp,87ccb96b85bd989d837a256df10d74ba3087a203eae35f9c253b2564b29e1585,source-record-paired
PK-DJ-0035,Potatoes,grocery-beverages,DummyJSON,https://cdn.dummyjson.com/product-images/groceries/potatoes/thumbnail.webp,/images/products/pk-dj-0035.webp,762c23281ed1f719225f8034cf8b21a4d74c0fb0a62f39b5afff3b98d8f61e13,source-record-paired
PK-DJ-0036,Protein Powder,grocery-beverages,DummyJSON,https://cdn.dummyjson.com/product-images/groceries/protein-powder/thumbnail.webp,/images/products/pk-dj-0036.webp,c2ab2b6424773454d939b3c66527676595662827245c4b65472fc629ca0ad562,source-record-paired
PK-DJ-0037,Red Onions,grocery-beverages,DummyJSON,https://cdn.dummyjson.com/product-images/groceries/red-onions/thumbnail.webp,/images/products/pk-dj-0037.webp,ea9009ffe0bc7b4cf0f8dabce404dcf7ff7b754fe1d45be7a1728ec3d07f5d38,source-record-paired
PK-DJ-0038,Rice,grocery-beverages,DummyJSON,https://cdn.dummyjson.com/product-images/groceries/rice/thumbnail.webp,/images/products/pk-dj-0038.webp,6fa861cdbacd87aa341c39c05a1131254fab39fa317385f2314372553fad829f,source-record-paired
PK-DJ-0039,Soft Drinks,grocery-beverages,DummyJSON,https://cdn.dummyjson.com/product-images/groceries/soft-drinks/thumbnail.webp,/images/products/pk-dj-0039.webp,4d0ef32637abbeb5c4926e3bcdc90f67bbece01aa2cccf79436b8455d240dc73,source-record-paired
PK-DJ-0040,Strawberry,grocery-beverages,DummyJSON,https://cdn.dummyjson.com/product-images/groceries/strawberry/thumbnail.webp,/images/products/pk-dj-0040.webp,fa8891a21613d961209652198528e2efd90dcf5f2c24c20b8b1fbf1629c265ad,source-record-paired
PK-DJ-0041,Tissue Paper Box,grocery-beverages,DummyJSON,https://cdn.dummyjson.com/product-images/groceries/tissue-paper-box/thumbnail.webp,/images/products/pk-dj-0041.webp,e0e3d9be7c253b8653233981174c322bd840a081367f5040647fa56158dfce9f,source-record-paired
PK-DJ-0042,Water,grocery-beverages,DummyJSON,https://cdn.dummyjson.com/product-images/groceries/water/thumbnail.webp,/images/products/pk-dj-0042.webp,05165b3871ae603d9125e2125bcaca1c930e46e6eea64ff41bfa14a285f5c602,source-record-paired
PK-DJ-0043,Decoration Swing,home-living,DummyJSON,https://cdn.dummyjson.com/product-images/home-decoration/decoration-swing/thumbnail.webp,/images/products/pk-dj-0043.webp,2ac481a42bea2696285b49163305ccfe6453d237c2854960c9d7c292df09380c,source-record-paired
PK-DJ-0044,Family Tree Photo Frame,home-living,DummyJSON,https://cdn.dummyjson.com/product-images/home-decoration/family-tree-photo-frame/thumbnail.webp,/images/products/pk-dj-0044.webp,9ea96ba10bd9f4998a06e13a5c78a59457e741e016e13a4bcc05966beaaeee54,source-record-paired
PK-DJ-0045,House Showpiece Plant,home-living,DummyJSON,https://cdn.dummyjson.com/product-images/home-decoration/house-showpiece-plant/thumbnail.webp,/images/products/pk-dj-0045.webp,2fb674e976936758ba8359924fc55e3618c5c6e9cdd625d4b98d51389c904d55,source-record-paired
PK-DJ-0046,Plant Pot,home-living,DummyJSON,https://cdn.dummyjson.com/product-images/home-decoration/plant-pot/thumbnail.webp,/images/products/pk-dj-0046.webp,8babea6eddd8f1b91cad7a9174c71a4f78538d61823b529f79947e533ae3b96e,source-record-paired
PK-DJ-0047,Table Lamp,home-living,DummyJSON,https://cdn.dummyjson.com/product-images/home-decoration/table-lamp/thumbnail.webp,/images/products/pk-dj-0047.webp,406f4fa7eceefe58b62bf4b97589a6c69f714dfb06e578aa07a7bf4129351781,source-record-paired
PK-DJ-0048,Bamboo Spatula,kitchen-appliances,DummyJSON,https://cdn.dummyjson.com/product-images/kitchen-accessories/bamboo-spatula/thumbnail.webp,/images/products/pk-dj-0048.webp,5e2e29772e6544c35397918c3401b758c55a4c2b0072e7618b9c8b9aab5f49ae,source-record-paired
PK-DJ-0049,Black Aluminium Cup,kitchen-appliances,DummyJSON,https://cdn.dummyjson.com/product-images/kitchen-accessories/black-aluminium-cup/thumbnail.webp,/images/products/pk-dj-0049.webp,8f99c53e7e48573784e0399a7de16ad7c38e7604dfe7272f90a88b81bf451e5b,source-record-paired
PK-DJ-0050,Black Whisk,kitchen-appliances,DummyJSON,https://cdn.dummyjson.com/product-images/kitchen-accessories/black-whisk/thumbnail.webp,/images/products/pk-dj-0050.webp,bcc1b3eba6eb12f3c3b2a9752b0469b74f5de13c14d8d2d78aa63ab62e4f7a45,source-record-paired
PK-DJ-0051,Boxed Blender,kitchen-appliances,DummyJSON,https://cdn.dummyjson.com/product-images/kitchen-accessories/boxed-blender/thumbnail.webp,/images/products/pk-dj-0051.webp,778ba2b28b68b3a34035d4efb24743eb8a2194bf29364a61a5c4ca453fbe9b25,source-record-paired
PK-DJ-0052,Carbon Steel Wok,kitchen-appliances,DummyJSON,https://cdn.dummyjson.com/product-images/kitchen-accessories/carbon-steel-wok/thumbnail.webp,/images/products/pk-dj-0052.webp,5c5c6ee617bf988b93c19b79d39c3b0f15a32aa8c52e3297512659bcbaa02a4d,source-record-paired
PK-DJ-0053,Chopping Board,kitchen-appliances,DummyJSON,https://cdn.dummyjson.com/product-images/kitchen-accessories/chopping-board/thumbnail.webp,/images/products/pk-dj-0053.webp,f1d8d6d8368319bf72fe6df9f79fbd2780592cca8fc1a696c879689ad0d47d85,source-record-paired
PK-DJ-0054,Citrus Squeezer Yellow,kitchen-appliances,DummyJSON,https://cdn.dummyjson.com/product-images/kitchen-accessories/citrus-squeezer-yellow/thumbnail.webp,/images/products/pk-dj-0054.webp,b429041b45913204eaf12fde811b22c5bdce962cac144361b619aea0daf439b6,source-record-paired
PK-DJ-0055,Egg Slicer,kitchen-appliances,DummyJSON,https://cdn.dummyjson.com/product-images/kitchen-accessories/egg-slicer/thumbnail.webp,/images/products/pk-dj-0055.webp,bd20fbb26d00da37d55ad1324106afb1b59ce710fe8dafa1a074a424791c0c25,source-record-paired
PK-DJ-0056,Electric Stove,kitchen-appliances,DummyJSON,https://cdn.dummyjson.com/product-images/kitchen-accessories/electric-stove/thumbnail.webp,/images/products/pk-dj-0056.webp,b0a0789bfb3943ea69006af8173f6bd5f900cd5feeac6ebfd2c5382edab85689,source-record-paired
PK-DJ-0057,Fine Mesh Strainer,kitchen-appliances,DummyJSON,https://cdn.dummyjson.com/product-images/kitchen-accessories/fine-mesh-strainer/thumbnail.webp,/images/products/pk-dj-0057.webp,1fcc5a3e81e0a156e54ba0eff429174ff2c3d3a38188c464398d99202ab50ce6,source-record-paired
PK-DJ-0058,Fork,kitchen-appliances,DummyJSON,https://cdn.dummyjson.com/product-images/kitchen-accessories/fork/thumbnail.webp,/images/products/pk-dj-0058.webp,2391f29a5f4eee61ded4bfd4ecb33f8e035947c5d734a667888af8efb4b9cbe9,source-record-paired
PK-DJ-0059,Glass,kitchen-appliances,DummyJSON,https://cdn.dummyjson.com/product-images/kitchen-accessories/glass/thumbnail.webp,/images/products/pk-dj-0059.webp,347214f0ecb54392e13afc190646b00da0b3434e5758f6462738086d8ac411ae,source-record-paired
PK-DJ-0060,Grater Black,kitchen-appliances,DummyJSON,https://cdn.dummyjson.com/product-images/kitchen-accessories/grater-black/thumbnail.webp,/images/products/pk-dj-0060.webp,f0ffc8be19e887c961d4c56e8ed1eb1b3d6e0a9f8032ab3c585ebbafb6ee2f22,source-record-paired
PK-DJ-0061,Hand Blender,kitchen-appliances,DummyJSON,https://cdn.dummyjson.com/product-images/kitchen-accessories/hand-blender/thumbnail.webp,/images/products/pk-dj-0061.webp,294b44db34eacd3273024167dbe10a9e1c335392babd3b3b3a25299391395955,source-record-paired
PK-DJ-0062,Ice Cube Tray,kitchen-appliances,DummyJSON,https://cdn.dummyjson.com/product-images/kitchen-accessories/ice-cube-tray/thumbnail.webp,/images/products/pk-dj-0062.webp,02658411479df153b1751a9460dcf87bf91b332a5b8d3ec207d68abc1747d114,source-record-paired
PK-DJ-0063,Kitchen Sieve,kitchen-appliances,DummyJSON,https://cdn.dummyjson.com/product-images/kitchen-accessories/kitchen-sieve/thumbnail.webp,/images/products/pk-dj-0063.webp,c4d6146a7c1acaa7dd750d296678202e288d32b4bf1690ce7e9c3bac0643097d,source-record-paired
PK-DJ-0064,Knife,kitchen-appliances,DummyJSON,https://cdn.dummyjson.com/product-images/kitchen-accessories/knife/thumbnail.webp,/images/products/pk-dj-0064.webp,d3dc5f9a92ca14dc208eb4b254748b9f8a178eabf30fbb29346836be2d5081b4,source-record-paired
PK-DJ-0065,Lunch Box,kitchen-appliances,DummyJSON,https://cdn.dummyjson.com/product-images/kitchen-accessories/lunch-box/thumbnail.webp,/images/products/pk-dj-0065.webp,32fd0a6eeae67e3a303066337c20cd5cac367dd164c3e2d7318aaebea302e4f1,source-record-paired
PK-DJ-0066,Microwave Oven,kitchen-appliances,DummyJSON,https://cdn.dummyjson.com/product-images/kitchen-accessories/microwave-oven/thumbnail.webp,/images/products/pk-dj-0066.webp,281377816ce6d5f583352d5cadbe9d94be7bb8be166312dd929848271119b128,source-record-paired
PK-DJ-0067,Mug Tree Stand,kitchen-appliances,DummyJSON,https://cdn.dummyjson.com/product-images/kitchen-accessories/mug-tree-stand/thumbnail.webp,/images/products/pk-dj-0067.webp,e484d8c6e0ef8deb06ef0a8207fb365b6e124d9587963efe81e1c67a0cfcbdf9,source-record-paired
PK-DJ-0068,Pan,kitchen-appliances,DummyJSON,https://cdn.dummyjson.com/product-images/kitchen-accessories/pan/thumbnail.webp,/images/products/pk-dj-0068.webp,a0ba7a44c47704db8705b4916ac14d6ada4885515d1e6000425eb47ec9b423e5,source-record-paired
PK-DJ-0069,Plate,kitchen-appliances,DummyJSON,https://cdn.dummyjson.com/product-images/kitchen-accessories/plate/thumbnail.webp,/images/products/pk-dj-0069.webp,02a85b289a7afacf945cb73a1162f5ae3f408190ddfe02684ae89bdfee1ea50a,source-record-paired
PK-DJ-0070,Red Tongs,kitchen-appliances,DummyJSON,https://cdn.dummyjson.com/product-images/kitchen-accessories/red-tongs/thumbnail.webp,/images/products/pk-dj-0070.webp,543efed3bf934a3fcb9ee19ac5f1185e7712cde627fc3fae0b644d7056592a85,source-record-paired
PK-DJ-0071,Silver Pot With Glass Cap,kitchen-appliances,DummyJSON,https://cdn.dummyjson.com/product-images/kitchen-accessories/silver-pot-with-glass-cap/thumbnail.webp,/images/products/pk-dj-0071.webp,9df9636a2f3b6f823d2473a9f1b472abb8ed038b4815987c7f2c5778850b9d58,source-record-paired
PK-DJ-0072,Slotted Turner,kitchen-appliances,DummyJSON,https://cdn.dummyjson.com/product-images/kitchen-accessories/slotted-turner/thumbnail.webp,/images/products/pk-dj-0072.webp,c04abf7bbb6f32b8eb7711070c4b5b299d6bc2994936ad79a941d4c5a21cfebc,source-record-paired
PK-DJ-0073,Spice Rack,kitchen-appliances,DummyJSON,https://cdn.dummyjson.com/product-images/kitchen-accessories/spice-rack/thumbnail.webp,/images/products/pk-dj-0073.webp,36af7ac78b56d9b0b731e40c1f2e580cfe5dd43d494f4e026bd91aee0922c264,source-record-paired
PK-DJ-0074,Spoon,kitchen-appliances,DummyJSON,https://cdn.dummyjson.com/product-images/kitchen-accessories/spoon/thumbnail.webp,/images/products/pk-dj-0074.webp,a060f105341633b206f5ba9ad204ade24054b642ce085c4a907d5607e5553c01,source-record-paired
PK-DJ-0075,Tray,kitchen-appliances,DummyJSON,https://cdn.dummyjson.com/product-images/kitchen-accessories/tray/thumbnail.webp,/images/products/pk-dj-0075.webp,a655162c4ea46d62d14b9462dbbd0edfe22f51c456f3a55e5d46969303a7fa3d,source-record-paired
PK-DJ-0076,Wooden Rolling Pin,kitchen-appliances,DummyJSON,https://cdn.dummyjson.com/product-images/kitchen-accessories/wooden-rolling-pin/thumbnail.webp,/images/products/pk-dj-0076.webp,1d0797028033c2af3b940e41938e35ac5ce8895df7f46c509785e9eaf22fab8a,source-record-paired
PK-DJ-0077,Yellow Peeler,kitchen-appliances,DummyJSON,https://cdn.dummyjson.com/product-images/kitchen-accessories/yellow-peeler/thumbnail.webp,/images/products/pk-dj-0077.webp,e901a74034f1941d2b3c3bfd27e58b7d2b2fdfca9dcfb4526e9f47170cdd9e4a,source-record-paired
PK-DJ-0078,Apple MacBook Pro 14 Inch Space Grey,laptops-computers,DummyJSON,https://cdn.dummyjson.com/product-images/laptops/apple-macbook-pro-14-inch-space-grey/thumbnail.webp,/images/products/pk-dj-0078.webp,8b4d630a08b298261d78250869e1655f7f27954f90cd3c7d280200e170ddd09d,source-record-paired
PK-DJ-0079,Asus Zenbook Pro Dual Screen Laptop,laptops-computers,DummyJSON,https://cdn.dummyjson.com/product-images/laptops/asus-zenbook-pro-dual-screen-laptop/thumbnail.webp,/images/products/pk-dj-0079.webp,b011e6f53f5900f1c2872a421813bc14ebf532beabe6d4e899b19dc7f75c548d,source-record-paired
PK-DJ-0080,Huawei Matebook X Pro,laptops-computers,DummyJSON,https://cdn.dummyjson.com/product-images/laptops/huawei-matebook-x-pro/thumbnail.webp,/images/products/pk-dj-0080.webp,bb4a86436c7ea0f2090dfbd9d3444dd1aefda1255a8697bdf885a4009ea1b355,source-record-paired
PK-DJ-0081,Lenovo Yoga 920,laptops-computers,DummyJSON,https://cdn.dummyjson.com/product-images/laptops/lenovo-yoga-920/thumbnail.webp,/images/products/pk-dj-0081.webp,f231a5fa5836b7f5aad23f69aac107e40a1886690766926464fa7eb5acaae3e9,source-record-paired
PK-DJ-0082,New DELL XPS 13 9300 Laptop,laptops-computers,DummyJSON,https://cdn.dummyjson.com/product-images/laptops/new-dell-xps-13-9300-laptop/thumbnail.webp,/images/products/pk-dj-0082.webp,19cd30bfea02e82042411b2299fc63d2f91be2a8757f70b381d3695dc34cafff,source-record-paired
PK-DJ-0083,Blue & Black Check Shirt,mens-fashion,DummyJSON,https://cdn.dummyjson.com/product-images/mens-shirts/blue-&-black-check-shirt/thumbnail.webp,/images/products/pk-dj-0083.webp,03a41dbaa1582b0566804d86074bc29ffeafefaaedb8aafb99dea01f4d97fe91,source-record-paired
PK-DJ-0084,Gigabyte Aorus Men Tshirt,mens-fashion,DummyJSON,https://cdn.dummyjson.com/product-images/mens-shirts/gigabyte-aorus-men-tshirt/thumbnail.webp,/images/products/pk-dj-0084.webp,6891c1ab60d02c7bfd988ae5bcd506f3e18a61583291ea27188d911ce8044026,source-record-paired
PK-DJ-0085,Man Plaid Shirt,mens-fashion,DummyJSON,https://cdn.dummyjson.com/product-images/mens-shirts/man-plaid-shirt/thumbnail.webp,/images/products/pk-dj-0085.webp,84634cec57b8b290c4ad588258d7c322cac3ea4b15e71889e37f24dd23fba059,source-record-paired
PK-DJ-0086,Man Short Sleeve Shirt,mens-fashion,DummyJSON,https://cdn.dummyjson.com/product-images/mens-shirts/man-short-sleeve-shirt/thumbnail.webp,/images/products/pk-dj-0086.webp,a175065ee46d3863526e2b96de8e2d30805f63f4efcf6a165c638522b94aea9e,source-record-paired
PK-DJ-0087,Men Check Shirt,mens-fashion,DummyJSON,https://cdn.dummyjson.com/product-images/mens-shirts/men-check-shirt/thumbnail.webp,/images/products/pk-dj-0087.webp,d919ea59573d53b5008d989cc4780a6675253c7dc7c3de3409ed14a539b7e829,source-record-paired
PK-DJ-0088,Nike Air Jordan 1 Red And Black,shoes-footwear,DummyJSON,https://cdn.dummyjson.com/product-images/mens-shoes/nike-air-jordan-1-red-and-black/thumbnail.webp,/images/products/pk-dj-0088.webp,9a292e2cdbc216429a22d66dff644b21069c5d482b17ac39b16afd01d6957598,source-record-paired
PK-DJ-0089,Nike Baseball Cleats,shoes-footwear,DummyJSON,https://cdn.dummyjson.com/product-images/mens-shoes/nike-baseball-cleats/thumbnail.webp,/images/products/pk-dj-0089.webp,ab09a5b4b1b19f649103a2243c6660643f7c019b858f570ed0287754318e7ac1,source-record-paired
PK-DJ-0090,Puma Future Rider Trainers,shoes-footwear,DummyJSON,https://cdn.dummyjson.com/product-images/mens-shoes/puma-future-rider-trainers/thumbnail.webp,/images/products/pk-dj-0090.webp,ee6e9b751f62e2f8a6561ae39e3d1a919a5fe46f9687ccb52af8600b5333bb0b,source-record-paired
PK-DJ-0091,Sports Sneakers Off White & Red,shoes-footwear,DummyJSON,https://cdn.dummyjson.com/product-images/mens-shoes/sports-sneakers-off-white-&-red/thumbnail.webp,/images/products/pk-dj-0091.webp,0614737baee8d7d8ac88d4f4231b9f8c83972b826a2f82999f6be3e1719b9ea0,source-record-paired
PK-DJ-0092,Sports Sneakers Off White Red,shoes-footwear,DummyJSON,https://cdn.dummyjson.com/product-images/mens-shoes/sports-sneakers-off-white-red/thumbnail.webp,/images/products/pk-dj-0092.webp,e3fce716cbcb6854dd568d2e4af880fb2a671f3db71517fb89bdd5aac35d404a,source-record-paired
PK-DJ-0093,Brown Leather Belt Watch,watches-jewellery,DummyJSON,https://cdn.dummyjson.com/product-images/mens-watches/brown-leather-belt-watch/thumbnail.webp,/images/products/pk-dj-0093.webp,fc1afaba60ef46a55f5fecc84913abf90aee6ab0da664023702d02fb7c4ae27b,source-record-paired
PK-DJ-0094,Longines Master Collection,watches-jewellery,DummyJSON,https://cdn.dummyjson.com/product-images/mens-watches/longines-master-collection/thumbnail.webp,/images/products/pk-dj-0094.webp,4f5c6ce92da62e81123dc0ca51c1bb79897d9169fb801b6f1be45443ccef6d21,source-record-paired
PK-DJ-0095,Rolex Cellini Date Black Dial,watches-jewellery,DummyJSON,https://cdn.dummyjson.com/product-images/mens-watches/rolex-cellini-date-black-dial/thumbnail.webp,/images/products/pk-dj-0095.webp,e8d7fee2be285260aa7f7a625f93091deebf6b9bc8b18b941b39fefe9cd23a4c,source-record-paired
PK-DJ-0096,Rolex Cellini Moonphase,watches-jewellery,DummyJSON,https://cdn.dummyjson.com/product-images/mens-watches/rolex-cellini-moonphase/thumbnail.webp,/images/products/pk-dj-0096.webp,8f3975654d2df6e0c021f7fda771031cd54a9052864eef83b550190dce1daa83,source-record-paired
PK-DJ-0097,Rolex Datejust,watches-jewellery,DummyJSON,https://cdn.dummyjson.com/product-images/mens-watches/rolex-datejust/thumbnail.webp,/images/products/pk-dj-0097.webp,8e29d682a8c77b2a83191939eb5930a46d92cb84ff7de9cd8bb2ceffe7ba9a2b,source-record-paired
PK-DJ-0098,Rolex Submariner Watch,watches-jewellery,DummyJSON,https://cdn.dummyjson.com/product-images/mens-watches/rolex-submariner-watch/thumbnail.webp,/images/products/pk-dj-0098.webp,08bb544d29403c79d3d000637a3889483872cbd1c7048d6ef2b608cc4bbb4a67,source-record-paired
PK-DJ-0099,Amazon Echo Plus,mobile-accessories,DummyJSON,https://cdn.dummyjson.com/product-images/mobile-accessories/amazon-echo-plus/thumbnail.webp,/images/products/pk-dj-0099.webp,0b15d75c81d19de2c13f2f69647ff64d1da4c803eaa79550c1a451c6ca7c9b92,source-record-paired
PK-DJ-0100,Apple Airpods,mobile-accessories,DummyJSON,https://cdn.dummyjson.com/product-images/mobile-accessories/apple-airpods/thumbnail.webp,/images/products/pk-dj-0100.webp,38e76c0f88eddae3317fd080ef09c38feba2255c11b5a54e06f115a535b6391b,source-record-paired
PK-DJ-0101,Apple AirPods Max Silver,mobile-accessories,DummyJSON,https://cdn.dummyjson.com/product-images/mobile-accessories/apple-airpods-max-silver/thumbnail.webp,/images/products/pk-dj-0101.webp,da4ed0bfb82d60d38a52bac21925885403c7e9da1d27b0684628615614669398,source-record-paired
PK-DJ-0102,Apple Airpower Wireless Charger,mobile-accessories,DummyJSON,https://cdn.dummyjson.com/product-images/mobile-accessories/apple-airpower-wireless-charger/thumbnail.webp,/images/products/pk-dj-0102.webp,95e61330b89caf02a6139ad8800744c051b8e4e6e25658de17bb0fb323ed00ac,source-record-paired
PK-DJ-0103,Apple HomePod Mini Cosmic Grey,mobile-accessories,DummyJSON,https://cdn.dummyjson.com/product-images/mobile-accessories/apple-homepod-mini-cosmic-grey/thumbnail.webp,/images/products/pk-dj-0103.webp,426b46d085f92f9ff635f8c420de4a985a49221d29a81739902dbc6635c7680c,source-record-paired
PK-DJ-0104,Apple iPhone Charger,mobile-accessories,DummyJSON,https://cdn.dummyjson.com/product-images/mobile-accessories/apple-iphone-charger/thumbnail.webp,/images/products/pk-dj-0104.webp,a396c3d5889fe86226278b6c2d4c3056ffb50384788cc93c6ef025765cf0b5ec,source-record-paired
PK-DJ-0105,Apple MagSafe Battery Pack,mobile-accessories,DummyJSON,https://cdn.dummyjson.com/product-images/mobile-accessories/apple-magsafe-battery-pack/thumbnail.webp,/images/products/pk-dj-0105.webp,4497714d5a8910bfc7f58d18e9e04582b8887c753fdc4d6f27c1a5f542ec1cb4,source-record-paired
PK-DJ-0106,Apple Watch Series 4 Gold,mobile-accessories,DummyJSON,https://cdn.dummyjson.com/product-images/mobile-accessories/apple-watch-series-4-gold/thumbnail.webp,/images/products/pk-dj-0106.webp,6cccc5efa55a4ecb3c54aaee71783b865fe7dfdef17a26608d8efd32e31351c9,source-record-paired
PK-DJ-0107,Beats Flex Wireless Earphones,mobile-accessories,DummyJSON,https://cdn.dummyjson.com/product-images/mobile-accessories/beats-flex-wireless-earphones/thumbnail.webp,/images/products/pk-dj-0107.webp,fc332a172900db63d6adc600390aec8c0add11525d8e7165254185e9afa4a4aa,source-record-paired
PK-DJ-0108,iPhone 12 Silicone Case with MagSafe Plum,mobile-accessories,DummyJSON,https://cdn.dummyjson.com/product-images/mobile-accessories/iphone-12-silicone-case-with-magsafe-plum/thumbnail.webp,/images/products/pk-dj-0108.webp,5188700d2eaad904fa402d4ac3a83eec9b11363d14b263e91bc8df9bc6874842,source-record-paired
PK-DJ-0109,Monopod,mobile-accessories,DummyJSON,https://cdn.dummyjson.com/product-images/mobile-accessories/monopod/thumbnail.webp,/images/products/pk-dj-0109.webp,6adcab26d76f0fc26e50e599b6967fd328ca954a136c349750f846ca57efd5d9,source-record-paired
PK-DJ-0110,Selfie Lamp with iPhone,mobile-accessories,DummyJSON,https://cdn.dummyjson.com/product-images/mobile-accessories/selfie-lamp-with-iphone/thumbnail.webp,/images/products/pk-dj-0110.webp,06f10bd05c2edac928d14307e2d1052cb00d3f28a07a4d58d213d67b4d30f6e7,source-record-paired
PK-DJ-0111,Selfie Stick Monopod,mobile-accessories,DummyJSON,https://cdn.dummyjson.com/product-images/mobile-accessories/selfie-stick-monopod/thumbnail.webp,/images/products/pk-dj-0111.webp,13caa0694030451bb1968e1db44ff77b366d997c741e0749ac724b756ac07742,source-record-paired
PK-DJ-0112,TV Studio Camera Pedestal,mobile-accessories,DummyJSON,https://cdn.dummyjson.com/product-images/mobile-accessories/tv-studio-camera-pedestal/thumbnail.webp,/images/products/pk-dj-0112.webp,5f99a4283351d4a7d84cc1cec82c888a27a3da9e06b874f5d735641eca66f1a0,source-record-paired
PK-DJ-0113,Generic Motorcycle,motorcycle-accessories,DummyJSON,https://cdn.dummyjson.com/product-images/motorcycle/generic-motorcycle/thumbnail.webp,/images/products/pk-dj-0113.webp,252bbe6280a49e1b88b1d6580835305a59b6ebb948d8368a582d4e8896963d8e,source-record-paired
PK-DJ-0114,Kawasaki Z800,motorcycle-accessories,DummyJSON,https://cdn.dummyjson.com/product-images/motorcycle/kawasaki-z800/thumbnail.webp,/images/products/pk-dj-0114.webp,d52d256fe04ee46abce8b7124ba985b38f1d6eb516bd9683844cee25c91bf37b,source-record-paired
PK-DJ-0115,MotoGP CI.H1,motorcycle-accessories,DummyJSON,https://cdn.dummyjson.com/product-images/motorcycle/motogp-ci.h1/thumbnail.webp,/images/products/pk-dj-0115.webp,b2b4ef8545bdde11ede6f69ec69814041adfcab02d8c25dc2f76b8984f4c44f2,source-record-paired
PK-DJ-0116,Scooter Motorcycle,motorcycle-accessories,DummyJSON,https://cdn.dummyjson.com/product-images/motorcycle/scooter-motorcycle/thumbnail.webp,/images/products/pk-dj-0116.webp,9ed24edba2ba67ad9b853b7048d21e6ed729655faf2699b993813530bd6fda0b,source-record-paired
PK-DJ-0117,Sportbike Motorcycle,motorcycle-accessories,DummyJSON,https://cdn.dummyjson.com/product-images/motorcycle/sportbike-motorcycle/thumbnail.webp,/images/products/pk-dj-0117.webp,caa280f5ee339ac79363a8b9459fd8f21de4882826a58ae39879fe413623b6b3,source-record-paired
PK-DJ-0118,Attitude Super Leaves Hand Soap,beauty-personal-care,DummyJSON,https://cdn.dummyjson.com/product-images/skin-care/attitude-super-leaves-hand-soap/thumbnail.webp,/images/products/pk-dj-0118.webp,4b8eef1b278dee89182f2d72f790fb84a0c3d4bb857553c201e64371f9c99d3b,source-record-paired
PK-DJ-0119,Olay Ultra Moisture Shea Butter Body Wash,beauty-personal-care,DummyJSON,https://cdn.dummyjson.com/product-images/skin-care/olay-ultra-moisture-shea-butter-body-wash/thumbnail.webp,/images/products/pk-dj-0119.webp,9107f542f7f2f392473c86add66c3eeb305e69acfa9f9906832b807ce27c8e42,source-record-paired
PK-DJ-0120,Vaseline Men Body and Face Lotion,beauty-personal-care,DummyJSON,https://cdn.dummyjson.com/product-images/skin-care/vaseline-men-body-and-face-lotion/thumbnail.webp,/images/products/pk-dj-0120.webp,aa6f0c75a6ae6a9419130379eb4e29e972c512b3061112f921d703fc3d8f9b1c,source-record-paired
PK-DJ-0121,iPhone 5s,mobile-phones,DummyJSON,https://cdn.dummyjson.com/product-images/smartphones/iphone-5s/thumbnail.webp,/images/products/pk-dj-0121.webp,7449628a42ecff2fb8bfb2702b32c50be34cc9ff70cb3462368bed0df6811737,source-record-paired
PK-DJ-0122,iPhone 6,mobile-phones,DummyJSON,https://cdn.dummyjson.com/product-images/smartphones/iphone-6/thumbnail.webp,/images/products/pk-dj-0122.webp,809b4e7ba09e97710f81c3f92205579fcd901748d317cc3f8a4f2befea7fdec3,source-record-paired
PK-DJ-0123,iPhone 13 Pro,mobile-phones,DummyJSON,https://cdn.dummyjson.com/product-images/smartphones/iphone-13-pro/thumbnail.webp,/images/products/pk-dj-0123.webp,20d64ee571571dd3a42b8d3664936224884864981ed03c4ff53e0964bd729cec,source-record-paired
PK-DJ-0124,iPhone X,mobile-phones,DummyJSON,https://cdn.dummyjson.com/product-images/smartphones/iphone-x/thumbnail.webp,/images/products/pk-dj-0124.webp,e77dfa3d194c2a91f32b0288cff2d42df071154a21a29da142691a6eec22b10d,source-record-paired
PK-DJ-0125,Oppo A57,mobile-phones,DummyJSON,https://cdn.dummyjson.com/product-images/smartphones/oppo-a57/thumbnail.webp,/images/products/pk-dj-0125.webp,03af774c7f0d8944d99b510d23d1fa06f8e48f95f3ea981d579b32ccf5e4986c,source-record-paired
PK-DJ-0126,Oppo F19 Pro Plus,mobile-phones,DummyJSON,https://cdn.dummyjson.com/product-images/smartphones/oppo-f19-pro-plus/thumbnail.webp,/images/products/pk-dj-0126.webp,f540d1dadd185a478a37a6d6bcb56d6e04ecaa27e7c4c3f77f3bc4e540fcdd97,source-record-paired
PK-DJ-0127,Oppo K1,mobile-phones,DummyJSON,https://cdn.dummyjson.com/product-images/smartphones/oppo-k1/thumbnail.webp,/images/products/pk-dj-0127.webp,fbdf8b7d332338dce36b443785af793d55aca176af3e964aa30f15c8b760d227,source-record-paired
PK-DJ-0128,Realme C35,mobile-phones,DummyJSON,https://cdn.dummyjson.com/product-images/smartphones/realme-c35/thumbnail.webp,/images/products/pk-dj-0128.webp,16b734cc1172198db81fef88a2120f9967f7f1504201b3ce3fd7756eb93f057a,source-record-paired
PK-DJ-0129,Realme X,mobile-phones,DummyJSON,https://cdn.dummyjson.com/product-images/smartphones/realme-x/thumbnail.webp,/images/products/pk-dj-0129.webp,57e9d2cc9c7c8059c2fa89254b3eba0254433f717e7a9efcde42ed6fb3bec48a,source-record-paired
PK-DJ-0130,Realme XT,mobile-phones,DummyJSON,https://cdn.dummyjson.com/product-images/smartphones/realme-xt/thumbnail.webp,/images/products/pk-dj-0130.webp,e7139c7951db59353cc5e1faed1ab58759adcb0a312437d0189e8db8d3335bbe,source-record-paired
PK-DJ-0131,Samsung Galaxy S7,mobile-phones,DummyJSON,https://cdn.dummyjson.com/product-images/smartphones/samsung-galaxy-s7/thumbnail.webp,/images/products/pk-dj-0131.webp,d4900ac8653686001268d70f5a536133ac4b1df7058eba9eff9d01671e589901,source-record-paired
PK-DJ-0132,Samsung Galaxy S8,mobile-phones,DummyJSON,https://cdn.dummyjson.com/product-images/smartphones/samsung-galaxy-s8/thumbnail.webp,/images/products/pk-dj-0132.webp,6ea392c03af74255c5894527ec61e16712ac0c2a547ab01e095eba4236977bec,source-record-paired
PK-DJ-0133,Samsung Galaxy S10,mobile-phones,DummyJSON,https://cdn.dummyjson.com/product-images/smartphones/samsung-galaxy-s10/thumbnail.webp,/images/products/pk-dj-0133.webp,acca28314baa3090acd18015e49d70c0fcfef2e497dcf7afcf5d8742998bdb3d,source-record-paired
PK-DJ-0134,Vivo S1,mobile-phones,DummyJSON,https://cdn.dummyjson.com/product-images/smartphones/vivo-s1/thumbnail.webp,/images/products/pk-dj-0134.webp,d43f681c51361873adb8e8741f16fc76e5b387f9c7fcee5ed30b837a40804e52,source-record-paired
PK-DJ-0135,Vivo V9,mobile-phones,DummyJSON,https://cdn.dummyjson.com/product-images/smartphones/vivo-v9/thumbnail.webp,/images/products/pk-dj-0135.webp,e747ece2ff4a983ee89cef377cab62627b295b8991c947b35fb6d2e7d2edf8d1,source-record-paired
PK-DJ-0136,Vivo X21,mobile-phones,DummyJSON,https://cdn.dummyjson.com/product-images/smartphones/vivo-x21/thumbnail.webp,/images/products/pk-dj-0136.webp,614f022b82d7097fd4823f60f5072d1e9a5825e159ca135e4a084372920aa2c3,source-record-paired
PK-DJ-0137,American Football,sports-fitness,DummyJSON,https://cdn.dummyjson.com/product-images/sports-accessories/american-football/thumbnail.webp,/images/products/pk-dj-0137.webp,0cc1902bc35a6a11727a5ea3dd730339d1e88869ac64b637cbe3bbb8d6bc4a26,source-record-paired
PK-DJ-0138,Baseball Ball,sports-fitness,DummyJSON,https://cdn.dummyjson.com/product-images/sports-accessories/baseball-ball/thumbnail.webp,/images/products/pk-dj-0138.webp,950080e072dd18930109aafc79194c212a0462bf4c086a4a5431bc56462e1136,source-record-paired
PK-DJ-0139,Baseball Glove,sports-fitness,DummyJSON,https://cdn.dummyjson.com/product-images/sports-accessories/baseball-glove/thumbnail.webp,/images/products/pk-dj-0139.webp,df049f48e5d49b945d37d58b8fade5e2c89d8ed333d03dc7138fb8a0ac131c0e,source-record-paired
PK-DJ-0140,Basketball,sports-fitness,DummyJSON,https://cdn.dummyjson.com/product-images/sports-accessories/basketball/thumbnail.webp,/images/products/pk-dj-0140.webp,da9a0db162b5b29b5b1ae486b57aee3eb8657adff08db9b318400b4743ce421f,source-record-paired
PK-DJ-0141,Basketball Rim,sports-fitness,DummyJSON,https://cdn.dummyjson.com/product-images/sports-accessories/basketball-rim/thumbnail.webp,/images/products/pk-dj-0141.webp,18c4cbeb026c6e0e3412cfc81ae139612488ad2b85b9c393cb230731b01a98cc,source-record-paired
PK-DJ-0142,Cricket Ball,sports-fitness,DummyJSON,https://cdn.dummyjson.com/product-images/sports-accessories/cricket-ball/thumbnail.webp,/images/products/pk-dj-0142.webp,3652fc1741b47e4bd1da4a955c06a61643cd802311c781c0773c974bf80bbbbe,source-record-paired
PK-DJ-0143,Cricket Bat,sports-fitness,DummyJSON,https://cdn.dummyjson.com/product-images/sports-accessories/cricket-bat/thumbnail.webp,/images/products/pk-dj-0143.webp,3893a3319a011c9a369da833675d51f73527a59775c328c7f468c1196f683a33,source-record-paired
PK-DJ-0144,Cricket Helmet,sports-fitness,DummyJSON,https://cdn.dummyjson.com/product-images/sports-accessories/cricket-helmet/thumbnail.webp,/images/products/pk-dj-0144.webp,13731fecb6f9ace757155377e5cdc60b4d1ba968bae9cbe50da5b1b35783ccef,source-record-paired
PK-DJ-0145,Cricket Wicket,sports-fitness,DummyJSON,https://cdn.dummyjson.com/product-images/sports-accessories/cricket-wicket/thumbnail.webp,/images/products/pk-dj-0145.webp,86dbdc98f9398de47fd6504c7f1cbca91922310486ad0b193ae625518f1f3115,source-record-paired
PK-DJ-0146,Feather Shuttlecock,sports-fitness,DummyJSON,https://cdn.dummyjson.com/product-images/sports-accessories/feather-shuttlecock/thumbnail.webp,/images/products/pk-dj-0146.webp,713f1ae5c9f015cb9e50e82111d9d78d64639837b5b2822722ebf11a29726721,source-record-paired
PK-DJ-0147,Football,sports-fitness,DummyJSON,https://cdn.dummyjson.com/product-images/sports-accessories/football/thumbnail.webp,/images/products/pk-dj-0147.webp,df52ff897cf45b0b437d8582b74e022b30a7e8d2d4a624ab81825d27768d6cf1,source-record-paired
PK-DJ-0148,Golf Ball,sports-fitness,DummyJSON,https://cdn.dummyjson.com/product-images/sports-accessories/golf-ball/thumbnail.webp,/images/products/pk-dj-0148.webp,7e424202a885c85ed9dad36bf3a4ce40928e16c12863cd08f9ac5278bfb7c36c,source-record-paired
PK-DJ-0149,Iron Golf,sports-fitness,DummyJSON,https://cdn.dummyjson.com/product-images/sports-accessories/iron-golf/thumbnail.webp,/images/products/pk-dj-0149.webp,979d7d4db17f02f6aa8ee72252c7fb62dc79f40df966bc5d530c089ace6efbf7,source-record-paired
PK-DJ-0150,Metal Baseball Bat,sports-fitness,DummyJSON,https://cdn.dummyjson.com/product-images/sports-accessories/metal-baseball-bat/thumbnail.webp,/images/products/pk-dj-0150.webp,f18e771f39d8341191fc5ade986150eb4a41e3d5d5923979a5cb6c8bf4e0f380,source-record-paired
PK-DJ-0151,Tennis Ball,sports-fitness,DummyJSON,https://cdn.dummyjson.com/product-images/sports-accessories/tennis-ball/thumbnail.webp,/images/products/pk-dj-0151.webp,04a23d0a7571d006d3b8dce3743f1cd3fd23d0a2bb76e2eff856a4430569e61b,source-record-paired
PK-DJ-0152,Tennis Racket,sports-fitness,DummyJSON,https://cdn.dummyjson.com/product-images/sports-accessories/tennis-racket/thumbnail.webp,/images/products/pk-dj-0152.webp,f10822b13599b0533c9dc725bf2ed5d1d4806064c5bc8a6b05fd731eaf89e76c,source-record-paired
PK-DJ-0153,Volleyball,sports-fitness,DummyJSON,https://cdn.dummyjson.com/product-images/sports-accessories/volleyball/thumbnail.webp,/images/products/pk-dj-0153.webp,7205209785d70cc0f4f799b5e7ad2e9a2a32a329371c60bf47ec89cc8844047d,source-record-paired
PK-DJ-0154,Black Sun Glasses,watches-jewellery,DummyJSON,https://cdn.dummyjson.com/product-images/sunglasses/black-sun-glasses/thumbnail.webp,/images/products/pk-dj-0154.webp,819055bdf333a3c17725fe9db9946d788c9e998ffcc9658fd48fc8357873f9fa,source-record-paired
PK-DJ-0155,Classic Sun Glasses,watches-jewellery,DummyJSON,https://cdn.dummyjson.com/product-images/sunglasses/classic-sun-glasses/thumbnail.webp,/images/products/pk-dj-0155.webp,994797b7de8bf1f7dfd2a67572affea47b7bf2553a555d30ee6b215706eecb55,source-record-paired
PK-DJ-0156,Green and Black Glasses,watches-jewellery,DummyJSON,https://cdn.dummyjson.com/product-images/sunglasses/green-and-black-glasses/thumbnail.webp,/images/products/pk-dj-0156.webp,b53357e80d586a71ec4f79c74685c473994e74425282146eb7cb8b6932a1b12e,source-record-paired
PK-DJ-0157,Party Glasses,watches-jewellery,DummyJSON,https://cdn.dummyjson.com/product-images/sunglasses/party-glasses/thumbnail.webp,/images/products/pk-dj-0157.webp,96eab5ca25fd313f5b6f29750c35405ec29e3d8a65ad9e9279c4842ebf7cc1e7,source-record-paired
PK-DJ-0158,Sunglasses,watches-jewellery,DummyJSON,https://cdn.dummyjson.com/product-images/sunglasses/sunglasses/thumbnail.webp,/images/products/pk-dj-0158.webp,cc424c64781da70297d6e566afb5ab6e4951a0d8dd48709dd1a699d403cc400f,source-record-paired
PK-DJ-0159,iPad Mini 2021 Starlight,laptops-computers,DummyJSON,https://cdn.dummyjson.com/product-images/tablets/ipad-mini-2021-starlight/thumbnail.webp,/images/products/pk-dj-0159.webp,9cdefe36bc38edc5bacf4b2cf775831757df657f8f08a3e8f934fc68fd83628a,source-record-paired
PK-DJ-0160,Samsung Galaxy Tab S8 Plus Grey,laptops-computers,DummyJSON,https://cdn.dummyjson.com/product-images/tablets/samsung-galaxy-tab-s8-plus-grey/thumbnail.webp,/images/products/pk-dj-0160.webp,76f17222972eacec87bc26e4ffe4b09ac3d8fde10593abf9d2d0f7baac5385e3,source-record-paired
PK-DJ-0161,Samsung Galaxy Tab White,laptops-computers,DummyJSON,https://cdn.dummyjson.com/product-images/tablets/samsung-galaxy-tab-white/thumbnail.webp,/images/products/pk-dj-0161.webp,6752d052962b71bf48f72dae950ef0238d96f38c6c3e86da50e2fd7d61157aab,source-record-paired
PK-DJ-0162,Blue Frock,womens-fashion,DummyJSON,https://cdn.dummyjson.com/product-images/tops/blue-frock/thumbnail.webp,/images/products/pk-dj-0162.webp,3e1e65db963ee0eb181f62c29c66496325b9040ee41302ec50356fa0d2b701ab,source-record-paired
PK-DJ-0163,Girl Summer Dress,womens-fashion,DummyJSON,https://cdn.dummyjson.com/product-images/tops/girl-summer-dress/thumbnail.webp,/images/products/pk-dj-0163.webp,49e37cc6cc5da19959efeb0431b6fe11c72bcdba6dad99b95480844f87714e9d,source-record-paired
PK-DJ-0164,Gray Dress,womens-fashion,DummyJSON,https://cdn.dummyjson.com/product-images/tops/gray-dress/thumbnail.webp,/images/products/pk-dj-0164.webp,9aca9ec0e2dd88cc35724c0d798f7bff6fb3a2077d890901d874e6da6cb91cc2,source-record-paired
PK-DJ-0165,Short Frock,womens-fashion,DummyJSON,https://cdn.dummyjson.com/product-images/tops/short-frock/thumbnail.webp,/images/products/pk-dj-0165.webp,50181610bb97b13332ec8707fdc3e47e18a8a4c9cdc6c77c496eea960fa871a0,source-record-paired
PK-DJ-0166,Tartan Dress,womens-fashion,DummyJSON,https://cdn.dummyjson.com/product-images/tops/tartan-dress/thumbnail.webp,/images/products/pk-dj-0166.webp,fcc5acdef5d099f119668a543f4ffa5f804aa75003f357cdc2007b5ebb0edd2a,source-record-paired
PK-DJ-0167,300 Touring,car-accessories,DummyJSON,https://cdn.dummyjson.com/product-images/vehicle/300-touring/thumbnail.webp,/images/products/pk-dj-0167.webp,dcccc64c8ad871a83f529a7b5ff02999d3c02c2785c52acde4ab5fea83d0f889,source-record-paired
PK-DJ-0168,Charger SXT RWD,car-accessories,DummyJSON,https://cdn.dummyjson.com/product-images/vehicle/charger-sxt-rwd/thumbnail.webp,/images/products/pk-dj-0168.webp,9c0d5bd6c9355b0235641740332d56dd3119d964fcc2f905abbc00efe5855466,source-record-paired
PK-DJ-0169,Dodge Hornet GT Plus,car-accessories,DummyJSON,https://cdn.dummyjson.com/product-images/vehicle/dodge-hornet-gt-plus/thumbnail.webp,/images/products/pk-dj-0169.webp,a5fa6f7c4d490c92044426bdd0ab87daf0bfb09bd7a067236476613ab60d9e98,source-record-paired
PK-DJ-0170,Durango SXT RWD,car-accessories,DummyJSON,https://cdn.dummyjson.com/product-images/vehicle/durango-sxt-rwd/thumbnail.webp,/images/products/pk-dj-0170.webp,a9bc66d1157be845766f3d7912b9173c582856c9ed34d2694913c9315413ba09,source-record-paired
PK-DJ-0171,Pacifica Touring,car-accessories,DummyJSON,https://cdn.dummyjson.com/product-images/vehicle/pacifica-touring/thumbnail.webp,/images/products/pk-dj-0171.webp,5005dfb0fe76ee9c2255700518e1546c2f74ac1d2c31c7696fb5b8372b1ecc59,source-record-paired
PK-DJ-0172,Blue Women's Handbag,womens-fashion,DummyJSON,https://cdn.dummyjson.com/product-images/womens-bags/blue-women's-handbag/thumbnail.webp,/images/products/pk-dj-0172.webp,576030af243b1ef87bb08a79a15cf9cfa80c7fc8cbe62380d1204cd475fa7ec2,source-record-paired
PK-DJ-0173,Heshe Women's Leather Bag,womens-fashion,DummyJSON,https://cdn.dummyjson.com/product-images/womens-bags/heshe-women's-leather-bag/thumbnail.webp,/images/products/pk-dj-0173.webp,3acef3293d1a7258cbeda7e751a549406dedfe697f6cce352343c3cf736521dc,source-record-paired
PK-DJ-0174,Prada Women Bag,womens-fashion,DummyJSON,https://cdn.dummyjson.com/product-images/womens-bags/prada-women-bag/thumbnail.webp,/images/products/pk-dj-0174.webp,5322a6a18e24ecf937a2f3095c1eb6a80762188f65ab713cbb77c047f597fa8c,source-record-paired
PK-DJ-0175,White Faux Leather Backpack,womens-fashion,DummyJSON,https://cdn.dummyjson.com/product-images/womens-bags/white-faux-leather-backpack/thumbnail.webp,/images/products/pk-dj-0175.webp,36fe1057a0af702507b3a62cb11670e0c4310e14bcc2752121799dc8b9090355,source-record-paired
PK-DJ-0176,Women Handbag Black,womens-fashion,DummyJSON,https://cdn.dummyjson.com/product-images/womens-bags/women-handbag-black/thumbnail.webp,/images/products/pk-dj-0176.webp,d04d596b2c0f805ac0a42fadf0d5b59f48afcddc223ab048fbf816b21fbd80fd,source-record-paired
PK-DJ-0177,Black Women's Gown,womens-fashion,DummyJSON,https://cdn.dummyjson.com/product-images/womens-dresses/black-women's-gown/thumbnail.webp,/images/products/pk-dj-0177.webp,6f14527a6c7d582bb0ec33cd82b8a103a62d7182dd5dc2538559dd1c01ba704f,source-record-paired
PK-DJ-0178,Corset Leather With Skirt,womens-fashion,DummyJSON,https://cdn.dummyjson.com/product-images/womens-dresses/corset-leather-with-skirt/thumbnail.webp,/images/products/pk-dj-0178.webp,6a79360c0857bef9441ab2a455d17b446660fd6a30852b3bf042003583f62c52,source-record-paired
PK-DJ-0179,Corset With Black Skirt,womens-fashion,DummyJSON,https://cdn.dummyjson.com/product-images/womens-dresses/corset-with-black-skirt/thumbnail.webp,/images/products/pk-dj-0179.webp,16bccb6607d580de7487066c8e87bc3dfbc98f606a3dcaedd27d5dcb9a9f8dfd,source-record-paired
PK-DJ-0180,Dress Pea,womens-fashion,DummyJSON,https://cdn.dummyjson.com/product-images/womens-dresses/dress-pea/thumbnail.webp,/images/products/pk-dj-0180.webp,5151f8f94299fdce5c23af5139d5bc729d07e143e6d6b17fc5c3d6dead35da12,source-record-paired
PK-DJ-0181,Marni Red & Black Suit,womens-fashion,DummyJSON,https://cdn.dummyjson.com/product-images/womens-dresses/marni-red-&-black-suit/thumbnail.webp,/images/products/pk-dj-0181.webp,c9835d8a5cac779432665f9306509ed71009eed7e1a87280e4a16ca558ac2175,source-record-paired
PK-DJ-0182,Green Crystal Earring,watches-jewellery,DummyJSON,https://cdn.dummyjson.com/product-images/womens-jewellery/green-crystal-earring/thumbnail.webp,/images/products/pk-dj-0182.webp,22e89dbf29130d3b84534665e28ad96e294ece3669a2b2df59fa454c13a88725,source-record-paired
PK-DJ-0183,Green Oval Earring,watches-jewellery,DummyJSON,https://cdn.dummyjson.com/product-images/womens-jewellery/green-oval-earring/thumbnail.webp,/images/products/pk-dj-0183.webp,da60c285a30cb60d0a9469935bb2450566aa83cb5492bf2baca4836edf78d44e,source-record-paired
PK-DJ-0184,Tropical Earring,watches-jewellery,DummyJSON,https://cdn.dummyjson.com/product-images/womens-jewellery/tropical-earring/thumbnail.webp,/images/products/pk-dj-0184.webp,5c110ccd806a2f76fde134edbe0ab7c4fc85d9152b30c8391d3d3026b7f3495a,source-record-paired
PK-DJ-0185,Black & Brown Slipper,shoes-footwear,DummyJSON,https://cdn.dummyjson.com/product-images/womens-shoes/black-&-brown-slipper/thumbnail.webp,/images/products/pk-dj-0185.webp,3c292f071a28d28ec6e72220f29664f71130e6b5eada505412542eea3b730c25,source-record-paired
PK-DJ-0186,Calvin Klein Heel Shoes,shoes-footwear,DummyJSON,https://cdn.dummyjson.com/product-images/womens-shoes/calvin-klein-heel-shoes/thumbnail.webp,/images/products/pk-dj-0186.webp,76ac3bcd44b20c796f4ceb00fc30abc2b89063b7783c868dd88c13f7da631f3b,source-record-paired
PK-DJ-0187,Golden Shoes Woman,shoes-footwear,DummyJSON,https://cdn.dummyjson.com/product-images/womens-shoes/golden-shoes-woman/thumbnail.webp,/images/products/pk-dj-0187.webp,d9ebc5e3cdf56a5497579c7ee13ff43bc945ff03456528b5fa16382e5c18df37,source-record-paired
PK-DJ-0188,Pampi Shoes,shoes-footwear,DummyJSON,https://cdn.dummyjson.com/product-images/womens-shoes/pampi-shoes/thumbnail.webp,/images/products/pk-dj-0188.webp,895495b3341e831691b9b1da55d5f9abbf2239eb2dca145ffb723bd1490fc11c,source-record-paired
PK-DJ-0189,Red Shoes,shoes-footwear,DummyJSON,https://cdn.dummyjson.com/product-images/womens-shoes/red-shoes/thumbnail.webp,/images/products/pk-dj-0189.webp,be4c4af5b2128ec17bf5d6aecdc98a937b06cdfd4fdef7651639ab3d7569d909,source-record-paired
PK-DJ-0190,IWC Ingenieur Automatic Steel,watches-jewellery,DummyJSON,https://cdn.dummyjson.com/product-images/womens-watches/iwc-ingenieur-automatic-steel/thumbnail.webp,/images/products/pk-dj-0190.webp,70e2fc74df2f1cab940da3e6f55597881094e295900124c8d6c5776eb7c47844,source-record-paired
PK-DJ-0193,Watch Gold for Women,watches-jewellery,DummyJSON,https://cdn.dummyjson.com/product-images/womens-watches/watch-gold-for-women/thumbnail.webp,/images/products/pk-dj-0193.webp,f7f974efa357ec58f6ef2857d7cbe8a9c96bc1287f332e493dd1fe8c0d808ae2,source-record-paired
PK-DJ-0194,Women's Wrist Watch,watches-jewellery,DummyJSON,https://cdn.dummyjson.com/product-images/womens-watches/women's-wrist-watch/thumbnail.webp,/images/products/pk-dj-0194.webp,d872ae6ae6b7d3c293564892be0e2c48526773c44a4271be74024762e99ca1c6,source-record-paired
PK-MU-1000,Glossier Perfecting Skin Tint,beauty-personal-care,Makeup API,https://static-assets.glossier.com/production/spree/images/attachments/000/000/726/portrait_normal/PST_Carousel_02-compressor.jpg?1470088244,/images/products/pk-mu-1000.webp,22935e25118736c594afd2053c20dce22a02c8afe172fc87ea87a8fb8c9e7e87,source-record-paired
PK-MU-1001,Glossier Haloscope,beauty-personal-care,Makeup API,https://static-assets.glossier.com/production/spree/images/attachments/000/001/109/portrait_normal/Haloscope_01-compressor.jpg?1498613775,/images/products/pk-mu-1001.webp,966717e2369dde03cf15fdfa3602443cc67542839e13960e8654497193c34ca9,source-record-paired
PK-MU-1002,Glossier Wowder,beauty-personal-care,Makeup API,https://static-assets.glossier.com/production/spree/images/attachments/000/001/476/portrait_normal/carousel-1.jpg?1501534121,/images/products/pk-mu-1002.webp,bac25fffa43b1a1f789f3661fd0285871b714dc82618ff019dd6b764b9dfd53e,source-record-paired
PK-MU-1004,Glossier Stretch Concealer,beauty-personal-care,Makeup API,https://static-assets.glossier.com/production/spree/images/attachments/000/001/631/portrait_normal/SC_Carousel_1_copy_2.jpg?1506948615,/images/products/pk-mu-1004.webp,748c86fd4a296e0288039b04d8f6ef29eab69c3e0c58bb71055d0c67b41ed5b3,source-record-paired
PK-MU-1047,Colourpop Blotted Lip,beauty-personal-care,Makeup API,https://cdn.shopify.com/s/files/1/1338/0845/products/brain-freeze_a_800x1200.jpg?v=1502255076,/images/products/pk-mu-1047.webp,60f4d273b22d24b458f47b792de915729d28497f0c30cc633a3759a5095a0edf,source-record-paired
PK-MU-851,Nyx Soft Matte Metallic Lip Cream,beauty-personal-care,Makeup API,https://www.nyxcosmetics.com/dw/image/v2/AANG_PRD/on/demandware.static/-/Sites-cpd-nyxusa-master-catalog/default/dw21376be0/ProductImages/2018/Lips/Soft_Matte_Metallic_Lip_Cream/softmattelipcream_main.jpg?sw=390&sh=390&sm=fit,/images/products/pk-mu-851.webp,1b19ec7ef13b90ee3283efd8388f4ebd96e86670f474206e21605468ce5eaeee,source-record-paired
PK-MU-853,Nyx Lip Lingerie,beauty-personal-care,Makeup API,https://www.nyxcosmetics.com/dw/image/v2/AANG_PRD/on/demandware.static/-/Sites-cpd-nyxusa-master-catalog/default/dw00c7446b/ProductImages/2017/Lips/Lip_Lingerie_Extension/liplingerie_main.jpg?sw=390&sh=390&sm=fit,/images/products/pk-mu-853.webp,c9d722d21ef669cf285f8fd51a1a43bdb441332285b4d5eed5ffee656d8585a8,source-record-paired
PK-MU-854,Nyx Liquid Suede Cream Lipstick,beauty-personal-care,Makeup API,https://www.nyxcosmetics.com/dw/image/v2/AANG_PRD/on/demandware.static/-/Sites-cpd-nyxusa-master-catalog/default/dwa19d7c26/ProductImages/Lips/Liquid_Suede_Cream_Lipstick/liquidsuedecreamlipstick_main.jpg?sw=390&sh=390&sm=fit,/images/products/pk-mu-854.webp,4fd9989a55bb0b01a3d827f20779d057c41ac7e5937ff36841b5bc1de8a4a9bf,source-record-paired
PK-MU-855,Nyx Liquid Suede Metallic Matte,beauty-personal-care,Makeup API,https://www.nyxcosmetics.com/dw/image/v2/AANG_PRD/on/demandware.static/-/Sites-cpd-nyxusa-master-catalog/default/dw9d2f72a4/ProductImages/2017/Lips/Liquid_Suede_Metallic_Matte/liquidsuedemetallicmatte_main.jpg?sw=390&sh=390&sm=fit,/images/products/pk-mu-855.webp,b404738e8d82bfa7738316c7171f1e7285f830e511d68a46dec912aa9d598c25,source-record-paired
PK-MU-856,Nyx Slip Tease Full Color Lip Oil,beauty-personal-care,Makeup API,https://www.nyxcosmetics.com/dw/image/v2/AANG_PRD/on/demandware.static/-/Sites-cpd-nyxusa-master-catalog/default/dwd377cdfa/ProductImages/2017/Lips/Slip_Tease_Full_Color_Lip_Oil/slipteasefullcolorlipoil_main.jpg?sw=390&sh=390&sm=fit,/images/products/pk-mu-856.webp,97cff8bdcc18ca297c41b033e3c569eeab28b1191c13e4e6bfdf6ce306123876,source-record-paired
PK-MU-857,Nyx Duo Chromatic Lip Gloss,beauty-personal-care,Makeup API,https://www.nyxcosmetics.com/dw/image/v2/AANG_PRD/on/demandware.static/-/Sites-cpd-nyxusa-master-catalog/default/dwf51cf9e7/ProductImages/2018/Lips/Duo_Chromatic_Lip_Gloss/duochromaticlipgloss_main.jpg?sw=390&sh=390&sm=fit,/images/products/pk-mu-857.webp,b8458e878e2bb0402d02a5f877f3dbde689fca704467ad5ffa6298f5f21d2d59,source-record-paired
PK-MU-858,Nyx Strictly Vinyl Lip Gloss,beauty-personal-care,Makeup API,https://www.nyxcosmetics.com/dw/image/v2/AANG_PRD/on/demandware.static/-/Sites-cpd-nyxusa-master-catalog/default/dwd10df14c/ProductImages/2018/Lips/Strictly_Vinyl_Lip_Gloss/strictlyvinyllipgloss_main.jpg?sw=390&sh=390&sm=fit,/images/products/pk-mu-858.webp,e11ef21f062d8ea8bdcfa174f621c0cb082c4d2dead9ef32ac0b00312823253c,source-record-paired
PK-MU-859,Nyx Epic Ink Lip Dye,beauty-personal-care,Makeup API,https://www.nyxcosmetics.com/dw/image/v2/AANG_PRD/on/demandware.static/-/Sites-cpd-nyxusa-master-catalog/default/dw7d8fe312/ProductImages/2017/Lips/Epic_Ink_Lip_Dye/epicinklipdye_main.jpg?sw=390&sh=390&sm=fit,/images/products/pk-mu-859.webp,a0e7990f28fa47ac149fb607ff71aed1b14c391f81717b5257bc290401becc9a,source-record-paired
PK-MU-860,Nyx Cosmic Metals Lip Cream,beauty-personal-care,Makeup API,https://www.nyxcosmetics.com/dw/image/v2/AANG_PRD/on/demandware.static/-/Sites-cpd-nyxusa-master-catalog/default/dwffc4644e/ProductImages/2017/Lips/Cosmic_Metals_Lip_Cream/cosmicmetalslipcream_main.jpg?sw=390&sh=390&sm=fit,/images/products/pk-mu-860.webp,6f815d4d61b0fb517a226425c4b2374f2ae850714ee9f23df9d1c8346a810f77,source-record-paired
PK-MU-861,Nyx Lip Lustre Glossy Lip Tint,beauty-personal-care,Makeup API,https://www.nyxcosmetics.com/dw/image/v2/AANG_PRD/on/demandware.static/-/Sites-cpd-nyxusa-master-catalog/default/dw42117915/ProductImages/2016/Lips/Lip_Lustre_Glossy_Lip_Tint/liplustreglossyliptint_main.jpg?sw=390&sh=390&sm=fit,/images/products/pk-mu-861.webp,04d2b080cb91fba330bb10ffb91782fa744af309df51e3aaaa1e0e740b512d3e,source-record-paired
PK-MU-862,Nyx Powder Puff Lippie Powder Lip Cream,beauty-personal-care,Makeup API,https://www.nyxcosmetics.com/dw/image/v2/AANG_PRD/on/demandware.static/-/Sites-cpd-nyxusa-master-catalog/default/dw481c25c3/ProductImages/2018/Lips/Powder_Puff_Lippie/powderpufflippie_main.jpg?sw=390&sh=390&sm=fit,/images/products/pk-mu-862.webp,fd11edc6dab8998385bcd1099fd94c40040c4383871c435cdb76b050fd7f2965,source-record-paired
PK-MU-863,Nyx Super Cliquey Matte Lipstick,beauty-personal-care,Makeup API,https://www.nyxcosmetics.com/dw/image/v2/AANG_PRD/on/demandware.static/-/Sites-cpd-nyxusa-master-catalog/default/dw6dcbd51c/ProductImages/2017/Lips/Super_Cliquey_Satin_Matte_Lipstick/supercliqueysatinmattelipstick_main.jpg?sw=390&sh=390&sm=fit,/images/products/pk-mu-863.webp,fd27b6a305dac0d616c3d2fa7bc8ba82f6931854f6ec287cfcca4adbd237d307,source-record-paired
PK-MU-864,Nyx Pin-Up Pout Lipstick,beauty-personal-care,Makeup API,https://www.nyxcosmetics.com/dw/image/v2/AANG_PRD/on/demandware.static/-/Sites-cpd-nyxusa-master-catalog/default/dw5c89147f/ProductImages/2017/Lips/Pin_Up_Pout_Lipstick/pinuppoutlipstick_main.jpg?sw=390&sh=390&sm=fit,/images/products/pk-mu-864.webp,d85d19f660ef869c5ad34a6093697f921d4459520d8cf555c06ae63d40496ef8,source-record-paired
PK-MU-865,Nyx Turnt Up! Lipstick,beauty-personal-care,Makeup API,https://www.nyxcosmetics.com/dw/image/v2/AANG_PRD/on/demandware.static/-/Sites-cpd-nyxusa-master-catalog/default/dw5c4a6ee3/ProductImages/2016/Lips/Turnt_Up_Lipstick/turntuplipstick_main.jpg?sw=390&sh=390&sm=fit,/images/products/pk-mu-865.webp,872fb2f933fdbf910ca164e21af81efeaeb26eb2ad02b20a7076d45034d7ed32,source-record-paired
PK-MU-866,Nyx Velvet Matte Lipstick,beauty-personal-care,Makeup API,https://www.nyxcosmetics.com/dw/image/v2/AANG_PRD/on/demandware.static/-/Sites-cpd-nyxusa-master-catalog/default/dw1e94f54f/ProductImages/2016/Lips/Velvet_Matte_Lipstick/velvetmattelipstick_main.jpg?sw=390&sh=390&sm=fit,/images/products/pk-mu-866.webp,dc83fce5bee8087e5c2c0da2c6f508897a37893e88edbbf8eaa2e0a25d0f7007,source-record-paired
PK-MU-867,Nyx Plush Gel Lipstick,beauty-personal-care,Makeup API,https://www.nyxcosmetics.com/dw/image/v2/AANG_PRD/on/demandware.static/-/Sites-cpd-nyxusa-master-catalog/default/dw9c3f0820/ProductImages/2016/Lips/Plush_Gel_Lipstick/plushgellipstick_main.jpg?sw=390&sh=390&sm=fit,/images/products/pk-mu-867.webp,8ddc3c70667f1235ca3d81332229f4b112cfdcc4795a4231f974326393d3ff84,source-record-paired
PK-MU-868,Nyx Full Throttle Lipstick,beauty-personal-care,Makeup API,https://www.nyxcosmetics.com/dw/image/v2/AANG_PRD/on/demandware.static/-/Sites-cpd-nyxusa-master-catalog/default/dw96029c57/ProductImages/2016/Lips/Full_Throttle_Lipstick/fullthrottlelipstick_main.jpg?sw=390&sh=390&sm=fit,/images/products/pk-mu-868.webp,1ce3123dfe7ccb0b65f067cded67a4ed824eddc8352045579ccdff7b0ef586e8,source-record-paired
PK-MU-869,Nyx Pro Lip Cream Palette,beauty-personal-care,Makeup API,https://www.nyxcosmetics.com/dw/image/v2/AANG_PRD/on/demandware.static/-/Sites-cpd-nyxusa-master-catalog/default/dw46507c8a/ProductImages/2016/Lips/Pro_Lip_Cream_Palette/prolipcreampalette_main.jpg?sw=390&sh=390&sm=fit,/images/products/pk-mu-869.webp,3f07306571fc36ea5645609e98086fc99e662ac0f94fb4429b9528f06161aa9e,source-record-paired
PK-MU-870,Nyx Matte Lipstick,beauty-personal-care,Makeup API,https://www.nyxcosmetics.com/dw/image/v2/AANG_PRD/on/demandware.static/-/Sites-cpd-nyxusa-master-catalog/default/dw190a6040/ProductImages/2016/Lips/Matte_Lipstick_Extension/mattelipstick_main.jpg?sw=390&sh=390&sm=fit,/images/products/pk-mu-870.webp,1931e413449cc78e5e6a449bbef4a3e941badab9cc0b9c583e0ed06f9bbb835b,source-record-paired
PK-MU-872,Nyx Butter Lipstick,beauty-personal-care,Makeup API,https://www.nyxcosmetics.com/dw/image/v2/AANG_PRD/on/demandware.static/-/Sites-cpd-nyxusa-master-catalog/default/dwf73b3195/ProductImages/2016/Lips/Butter_Lipstick_Extension/butterlipstick_main.jpg?sw=390&sh=390&sm=fit,/images/products/pk-mu-872.webp,b0328aaae752ea995609dbed64e79e57dc4856651da132fecea88368e695b819,source-record-paired
PK-MU-873,Nyx In Your Element Lipstick - Earth,beauty-personal-care,Makeup API,https://www.nyxcosmetics.com/dw/image/v2/AANG_PRD/on/demandware.static/-/Sites-cpd-nyxusa-master-catalog/default/dw16c5dd05/ProductImages/2017/Holiday/in_your_element_lipsticks/in_your_element_lipstick_earth/inyourelementlipstickearth_main.jpg?sw=390&sh=390&sm=fit,/images/products/pk-mu-873.webp,96618e25c451bd5eb81a8cb603c04c60ac8460e214e1656a070410afcdba7728,source-record-paired
PK-MU-874,Nyx Jumbo Lip Pencil,beauty-personal-care,Makeup API,https://www.nyxcosmetics.com/dw/image/v2/AANG_PRD/on/demandware.static/-/Sites-cpd-nyxusa-master-catalog/default/dw20d954dc/ProductImages/Lips/Jumbo_Lip_Pencil/jumboeyepencil_main.jpg?sw=390&sh=390&sm=fit,/images/products/pk-mu-874.webp,078656f66097b919f78de09b98b96660606f4bf7f46ae8201149b26bb35a66d5,source-record-paired
PK-MU-875,Nyx In Your Element Lipstick - Air,beauty-personal-care,Makeup API,https://www.nyxcosmetics.com/dw/image/v2/AANG_PRD/on/demandware.static/-/Sites-cpd-nyxusa-master-catalog/default/dw7fdf92ae/ProductImages/2017/Holiday/in_your_element_lipsticks/in_your_element_lipstick_air/inyourelementlipstickair_main.jpg?sw=390&sh=390&sm=fit,/images/products/pk-mu-875.webp,9bdbe8c2e762ef425afac9e41b4dbeb8848d9d320d37ef9d8c39422d708ea1ab,source-record-paired
PK-MU-876,Nyx In Your Element Lipstick - Fire,beauty-personal-care,Makeup API,https://www.nyxcosmetics.com/dw/image/v2/AANG_PRD/on/demandware.static/-/Sites-cpd-nyxusa-master-catalog/default/dwf9f0c84b/ProductImages/2017/Holiday/in_your_element_lipsticks/in_your_element_lipstick_fire/inyourelementlipstickfire_main.jpg?sw=390&sh=390&sm=fit,/images/products/pk-mu-876.webp,35fa7576365b134772055b277a8797066a4fe0a75b9c62e21ad5cfb1e31bc486,source-record-paired
PK-MU-877,Nyx In Your Element Lipstick - Wind,beauty-personal-care,Makeup API,https://www.nyxcosmetics.com/dw/image/v2/AANG_PRD/on/demandware.static/-/Sites-cpd-nyxusa-master-catalog/default/dwb5cd298c/ProductImages/2017/Holiday/in_your_element_lipsticks/in_your_element_lipstick_wind/inyourelementlipstickwind_main.jpg?sw=390&sh=390&sm=fit,/images/products/pk-mu-877.webp,6b5feadb3fc6febb3be109ff8d9344fdc03d52e50065401dfa7fd6958a47b264,source-record-paired
PK-MU-878,Nyx In Your Element Lipstick - Water,beauty-personal-care,Makeup API,https://www.nyxcosmetics.com/dw/image/v2/AANG_PRD/on/demandware.static/-/Sites-cpd-nyxusa-master-catalog/default/dw649c09f1/ProductImages/2017/Holiday/in_your_element_lipsticks/in_your_element_lipstick_water/inyourelementlipstickwater_main.jpg?sw=390&sh=390&sm=fit,/images/products/pk-mu-878.webp,737d1aacec731bc55701df9364593482264f4379a7c397ac93bea4c5db1cf070,source-record-paired
PK-MU-879,Nyx Simply Vamp Lip Cream,beauty-personal-care,Makeup API,https://www.nyxcosmetics.com/dw/image/v2/AANG_PRD/on/demandware.static/-/Sites-cpd-nyxusa-master-catalog/default/dw48514b30/ProductImages/Lips/Simply_Vamp_Lip_Cream/simplyvamplipcream_main.jpg?sw=390&sh=390&sm=fit,/images/products/pk-mu-879.webp,3f1b49ab9225ef771bd821f875bbd139358df74d93a8693d9139ad31f9d330fe,source-record-paired
PK-MU-880,Nyx Wicked Lippies,beauty-personal-care,Makeup API,https://www.nyxcosmetics.com/dw/image/v2/AANG_PRD/on/demandware.static/-/Sites-cpd-nyxusa-master-catalog/default/dw5d579d16/ProductImages/Lips/Wicked_Lippies/wickedlippies_main.jpg?sw=390&sh=390&sm=fit,/images/products/pk-mu-880.webp,12ddbcc30775ec43804d6ff28a3b96aa8ebab7f8f0ed0eb03c0d418f25d2c34d,source-record-paired
PK-MU-881,Nyx Whipped Lip & Cheek Soufflé,beauty-personal-care,Makeup API,https://www.nyxcosmetics.com/dw/image/v2/AANG_PRD/on/demandware.static/-/Sites-cpd-nyxusa-master-catalog/default/dwcffa1f2c/ProductImages/Lips/Whipped_Lip_And_Cheek_Souffle/whippedlipandcheeksouffle_main.jpg?sw=390&sh=390&sm=fit,/images/products/pk-mu-881.webp,fb83234f1ef4d62c231811c789ffceb5c029a2fe011daa37aa5d5ab4f8c14133,source-record-paired
PK-MU-882,Nyx In Your Element Lipstick - Metal,beauty-personal-care,Makeup API,https://www.nyxcosmetics.com/dw/image/v2/AANG_PRD/on/demandware.static/-/Sites-cpd-nyxusa-master-catalog/default/dwda28cbbe/ProductImages/2017/Holiday/in_your_element_lipsticks/in_your_element_lipstick_metal/inyourelementlipstickmetal_main.jpg?sw=390&sh=390&sm=fit,/images/products/pk-mu-882.webp,7569303743b6a9ebdb344ac0d95675da7e1c892aab729ae4c416620fda53377a,source-record-paired
PK-MU-883,Nyx Macaron Lippies,beauty-personal-care,Makeup API,https://www.nyxcosmetics.com/dw/image/v2/AANG_PRD/on/demandware.static/-/Sites-cpd-nyxusa-master-catalog/default/dw09b47e3c/ProductImages/Lips/Macaron_Lippie/macaronlippies_main.jpg?sw=390&sh=390&sm=fit,/images/products/pk-mu-883.webp,1bfad4b377738856c0064b493d4d1f3123b692677d67e35223b732227d99e9b1,source-record-paired
PK-MU-884,Nyx Simply Nude Lip Cream,beauty-personal-care,Makeup API,https://www.nyxcosmetics.com/dw/image/v2/AANG_PRD/on/demandware.static/-/Sites-cpd-nyxusa-master-catalog/default/dw6790cad4/ProductImages/Lips/Simply_Nude_Lip_Cream/simplynudlipcream_main.jpg?sw=390&sh=390&sm=fit,/images/products/pk-mu-884.webp,d38a24e96ba0e1d0fac3b239ef38b8c6e8f605f0ea864144322e28798735823c,source-record-paired
PK-MU-885,Nyx Simply Red Lip Cream,beauty-personal-care,Makeup API,https://www.nyxcosmetics.com/dw/image/v2/AANG_PRD/on/demandware.static/-/Sites-cpd-nyxusa-master-catalog/default/dw4879365d/ProductImages/Lips/Simply_Red_Lip_Cream/simplyredlipcream_main.jpg?sw=390&sh=390&sm=fit,/images/products/pk-mu-885.webp,6b8868c51da5136ac882af0f28a08e4262662c003a22ecaf5e2a9c2455e42a97,source-record-paired
PK-MU-886,Nyx Simply Pink Lip Cream,beauty-personal-care,Makeup API,https://www.nyxcosmetics.com/dw/image/v2/AANG_PRD/on/demandware.static/-/Sites-cpd-nyxusa-master-catalog/default/dw013dc65e/ProductImages/Lips/Simply_Pink_Lip_Cream/simplypinklipcream_main.jpg?sw=390&sh=390&sm=fit,/images/products/pk-mu-886.webp,60fcdceb24aa37dfb10b8c610cfe64c579c9728c36689088eeb1e34196181933,source-record-paired
PK-MU-887,Nyx V'Amped Up! Lip Top Coat,beauty-personal-care,Makeup API,https://www.nyxcosmetics.com/dw/image/v2/AANG_PRD/on/demandware.static/-/Sites-cpd-nyxusa-master-catalog/default/dw88030be7/ProductImages/Lips/Vamped_Up_Lip_Top_Coat/vampedupliptopcoat_main.jpg?sw=390&sh=390&sm=fit,/images/products/pk-mu-887.webp,38a47230e60eeebe39c3762ae0bd5245ce1b0d8ed47cbfdc95b72afa784d9e93,source-record-paired
PK-MU-888,Nyx Luv Out Loud Liquid Lipstick,beauty-personal-care,Makeup API,https://www.nyxcosmetics.com/dw/image/v2/AANG_PRD/on/demandware.static/-/Sites-cpd-nyxusa-master-catalog/default/dw063995a2/ProductImages/2017/Lips/Luv_Out_Loud_Liquid_Lipstick/luvoutloudliquidlipstick_main.jpg?sw=390&sh=390&sm=fit,/images/products/pk-mu-888.webp,433e1aa43c7cb78909bef9b48458365d36260abca136f54d3d9f8ee8656dcb68,source-record-paired
PK-MU-889,Nyx Slim Lip Pencil,beauty-personal-care,Makeup API,https://www.nyxcosmetics.com/dw/image/v2/AANG_PRD/on/demandware.static/-/Sites-cpd-nyxusa-master-catalog/default/dwbbca9dd2/ProductImages/Lips/Slim_Lip_Pencil/Slim_Lip_Pencil/slimlippencil_main.jpg?sw=390&sh=390&sm=fit,/images/products/pk-mu-889.webp,b522d104ae8967df9e4d0a5e03903fbafe8a0166c733f1a1f549b5cfe07cf75d,source-record-paired
PK-MU-890,Nyx Suede Matte Lip Liner,beauty-personal-care,Makeup API,https://www.nyxcosmetics.com/dw/image/v2/AANG_PRD/on/demandware.static/-/Sites-cpd-nyxusa-master-catalog/default/dw7477bc7c/ProductImages/2016/Lips/Suede_Matte_Lip_Liner/suedemattelipliner_main.jpg?sw=390&sh=390&sm=fit,/images/products/pk-mu-890.webp,1e247b910920b51751ab9d2e59d4ae500799800b3f59626ad080971472f6818a,source-record-paired
PK-MU-891,Nyx Retractable Lip Liner,beauty-personal-care,Makeup API,https://www.nyxcosmetics.com/dw/image/v2/AANG_PRD/on/demandware.static/-/Sites-cpd-nyxusa-master-catalog/default/dw2524f26b/ProductImages/Lips/Retractable_Lip_Liner/retractablelipliner_main.jpg?sw=390&sh=390&sm=fit,/images/products/pk-mu-891.webp,bd6274b4cb3a7194eec8188977863b72d4927b316932730bb7abe29ec4d58c50,source-record-paired
PK-MU-892,Nyx Slide On Lip Pencil,beauty-personal-care,Makeup API,https://www.nyxcosmetics.com/dw/image/v2/AANG_PRD/on/demandware.static/-/Sites-cpd-nyxusa-master-catalog/default/dw2696bfe3/ProductImages/2017/Lips/Slide_On_Lip_Pencil_2017/slideonlippencil_main.jpg?sw=390&sh=390&sm=fit,/images/products/pk-mu-892.webp,370605c33966bbe8b16d25f49116fda8ede7ee8ec34457236c0e3863d0154944,source-record-paired
PK-MU-893,Nyx #LOTD Lip Of The Day Liquid Lip Liner,beauty-personal-care,Makeup API,https://www.nyxcosmetics.com/dw/image/v2/AANG_PRD/on/demandware.static/-/Sites-cpd-nyxusa-master-catalog/default/dw226b9283/ProductImages/2016/Lips/Lip_Of_The_Day_Liquid_Lip_Liner/lipoftheday_main.jpg?sw=390&sh=390&sm=fit,/images/products/pk-mu-893.webp,9086838109e09565af8fb3b1773b6cb301347296f111ccd31339246cbfcb96a2,source-record-paired
PK-MU-894,Nyx Total Control Drop Foundation,beauty-personal-care,Makeup API,https://www.nyxcosmetics.com/dw/image/v2/AANG_PRD/on/demandware.static/-/Sites-cpd-nyxusa-master-catalog/default/dw2afa7b45/ProductImages/2017/Face/Total_Control_Drop_Foundation/800897068837_totalcontroldropfoundation_buff_main.jpg?sw=390&sh=390&sm=fit,/images/products/pk-mu-894.webp,5ccf286112b61a9f7182933a1171c591ec1e7dd09cbe4e02f78c9d2f18ccfe15,source-record-paired
PK-MU-895,Nyx Pro Foundation Mixer,beauty-personal-care,Makeup API,https://www.nyxcosmetics.com/dw/image/v2/AANG_PRD/on/demandware.static/-/Sites-cpd-nyxusa-master-catalog/default/dw9dcfebd8/ProductImages/2016/Face/Pro_Foundation_Mixer/profoundationmixer_main.jpg?sw=390&sh=390&sm=fit,/images/products/pk-mu-895.webp,7829b86919ef660c95a032e0e0455eaf55436ceb7c0ec634d318b985c6f2b707,source-record-paired
PK-MU-896,Nyx Hydra Touch Powder Foundation,beauty-personal-care,Makeup API,https://www.nyxcosmetics.com/dw/image/v2/AANG_PRD/on/demandware.static/-/Sites-cpd-nyxusa-master-catalog/default/dw0bf2e8ad/ProductImages/Face/Hydra_Touch_Powder_Foundation/hydratouchpowderfoundation_main.jpg?sw=390&sh=390&sm=fit,/images/products/pk-mu-896.webp,c3e0f95021dcaa16132b911cf903442c1d685094fb58f85b662685ef05a5ca30,source-record-paired
PK-MU-897,Nyx HD Studio Photogenic Foundation,beauty-personal-care,Makeup API,https://www.nyxcosmetics.com/dw/image/v2/AANG_PRD/on/demandware.static/-/Sites-cpd-nyxusa-master-catalog/default/dw37943ebb/ProductImages/2017/Face/High_Definition_Foundation/800897051822_highdefinitionfoundation_chestnut_main.jpg?sw=390&sh=390&sm=fit,/images/products/pk-mu-897.webp,5b248dc326959a24ad1a99645ac2cbe115a48ee26edb9b728669ae31f05552c1,source-record-paired
PK-MU-898,Nyx Stay Matte But Not Flat Powder Foundation,beauty-personal-care,Makeup API,https://www.nyxcosmetics.com/dw/image/v2/AANG_PRD/on/demandware.static/-/Sites-cpd-nyxusa-master-catalog/default/dw7771a0c9/ProductImages/Face/Stay_Matte_But_Not_Flat_Powder_Foundation/staymattebutnotflatpowderfoundation_main.jpg?sw=390&sh=390&sm=fit,/images/products/pk-mu-898.webp,3061825836e6a3d00a8b21f7aa5e06e1e6e38226958d305753470048376a9e15,source-record-paired
PK-MU-899,Nyx Stay Matte But Not Flat Liquid Foundation,beauty-personal-care,Makeup API,https://www.nyxcosmetics.com/dw/image/v2/AANG_PRD/on/demandware.static/-/Sites-cpd-nyxusa-master-catalog/default/dw98d18f1b/ProductImages/Face/Stay_Matte_But_Not_Flat_Liquid_Foundation/staymattebutnotflatliquidfoundation_main.jpg?sw=390&sh=390&sm=fit,/images/products/pk-mu-899.webp,0ebb39afd8443896b939f3dc7c73eb22909ab87f32bc69a7a6d9954a5475bb36,source-record-paired
PK-MU-900,Nyx Mineral Stick Foundation,beauty-personal-care,Makeup API,https://www.nyxcosmetics.com/dw/image/v2/AANG_PRD/on/demandware.static/-/Sites-cpd-nyxusa-master-catalog/default/dw25bdfa2c/ProductImages/Face/Mineral_Stick_Foundation/mineralstickfoundation_main.jpg?sw=390&sh=390&sm=fit,/images/products/pk-mu-900.webp,9c3a14416bc4e7793f3fd58c864cb1f909e2cf16e754b92be417d7738ef41b72,source-record-paired
PK-MU-901,Nyx Invincible Fullest Coverage Foundation,beauty-personal-care,Makeup API,https://www.nyxcosmetics.com/dw/image/v2/AANG_PRD/on/demandware.static/-/Sites-cpd-nyxusa-master-catalog/default/dw84635185/ProductImages/2016/Face/Invincible_Foundation/invinciblefoundation_main.jpg?sw=390&sh=390&sm=fit,/images/products/pk-mu-901.webp,293d9c6e982e4a751e841ab440c7e69fd6634d811b14c3563c6362410e4ccd18,source-record-paired
PK-MU-902,Nyx BB Cream,beauty-personal-care,Makeup API,https://www.nyxcosmetics.com/dw/image/v2/AANG_PRD/on/demandware.static/-/Sites-cpd-nyxusa-master-catalog/default/dwa8106b14/ProductImages/Face/BB_Cream/800897822927_bbcream_natural_main.jpg?sw=390&sh=390&sm=fit,/images/products/pk-mu-902.webp,6e5a9d69dcc92580d6638193a94b3f66a0a7001b73bf7ba516233356713b646a,source-record-paired
PK-MU-903,Nyx Define & Refine Powder Foundation,beauty-personal-care,Makeup API,https://www.nyxcosmetics.com/dw/image/v2/AANG_PRD/on/demandware.static/-/Sites-cpd-nyxusa-master-catalog/default/dwe1ce6d79/ProductImages/Face/Define_And_Refine_Powder_Foundation/defineandrefinepowderfoundation_main.jpg?sw=390&sh=390&sm=fit,/images/products/pk-mu-903.webp,923adda22640060dc42f5337ec3627b85683eee0f94bbf3454dcfa3804168cc6,source-record-paired
PK-MU-904,Nyx Tinted Moisturizer,beauty-personal-care,Makeup API,https://www.nyxcosmetics.com/dw/image/v2/AANG_PRD/on/demandware.static/-/Sites-cpd-nyxusa-master-catalog/default/dw8cbca26c/ProductImages/Face/Tinted_Moisturizer/tintedmoisturizer_main.jpg?sw=390&sh=390&sm=fit,/images/products/pk-mu-904.webp,7ed5cfb2edb4b2e614b3372c69b475648b02834177e781399468085d00d97c7f,source-record-paired
PK-MU-905,Nyx HD Photogenic Concealer Wand,beauty-personal-care,Makeup API,https://www.nyxcosmetics.com/dw/image/v2/AANG_PRD/on/demandware.static/-/Sites-cpd-nyxusa-master-catalog/default/dw10ab1d12/ProductImages/2016/Face/HD_Photogenic_Concealer_Wand/concealerwand_main.jpg?sw=390&sh=390&sm=fit,/images/products/pk-mu-905.webp,a9ac3778181cbbb79cabf28927ccc7b7f6676263db2ba5b1ff548f011fceeaf0,source-record-paired
PK-MU-906,Nyx Concealer Jar,beauty-personal-care,Makeup API,https://www.nyxcosmetics.com/dw/image/v2/AANG_PRD/on/demandware.static/-/Sites-cpd-nyxusa-master-catalog/default/dw04c31800/ProductImages/Face/Concealer_Jar/concealerjar_main.jpg?sw=390&sh=390&sm=fit,/images/products/pk-mu-906.webp,99c8ca0b4a2cd178fbaf7b3fe4d3bbfcde36a4a701d90aadbf7b01108f67c2eb,source-record-paired
PK-MU-907,Nyx Color Correcting Palette,beauty-personal-care,Makeup API,https://www.nyxcosmetics.com/dw/image/v2/AANG_PRD/on/demandware.static/-/Sites-cpd-nyxusa-master-catalog/default/dwb6d96368/ProductImages/Face/Color_Correcting_Palette/800897834722_colorcorrectingpalette_main.jpg?sw=390&sh=390&sm=fit,/images/products/pk-mu-907.webp,4a2f9f9c5e0a9e870e9e85f9a6780ae9d217e7b3a43f7f9c0b61007739809446,source-record-paired
PK-MU-908,Nyx Gotcha Covered Concealer,beauty-personal-care,Makeup API,https://www.nyxcosmetics.com/dw/image/v2/AANG_PRD/on/demandware.static/-/Sites-cpd-nyxusa-master-catalog/default/dw947da0d5/ProductImages/Face/Gotcha_Covered_Concealer/gotchacoveredconcealer_main.jpg?sw=390&sh=390&sm=fit,/images/products/pk-mu-908.webp,2527f14d646300ff50d30e7da4ce7d24e933f3145c4ecfc10620fd170471ec64,source-record-paired
PK-MU-909,Nyx Dark Circle Concealer,beauty-personal-care,Makeup API,https://www.nyxcosmetics.com/dw/image/v2/AANG_PRD/on/demandware.static/-/Sites-cpd-nyxusa-master-catalog/default/dw477d3d9a/ProductImages/Face/Dark_Circle_Concealer/800897822958_darkcircleconcealer_light_main.jpg?sw=390&sh=390&sm=fit,/images/products/pk-mu-909.webp,aff53713ee4d9211c0377c820b34778bc20907e3000b6dee5b5a851628f6aab6,source-record-paired
PK-MU-910,Nyx Wonder Pencil,beauty-personal-care,Makeup API,https://www.nyxcosmetics.com/dw/image/v2/AANG_PRD/on/demandware.static/-/Sites-cpd-nyxusa-master-catalog/default/dw5e345fad/ProductImages/Face/Wonder_Pencil/wonderpencil_main.jpg?sw=390&sh=390&sm=fit,/images/products/pk-mu-910.webp,184ede95235ee0e5a481d6dbfdd3a096ea4ff58615d501b5441e41413cfbcda3,source-record-paired
PK-MU-911,"Nyx Conceal, Correct, Contour Palette",beauty-personal-care,Makeup API,https://www.nyxcosmetics.com/dw/image/v2/AANG_PRD/on/demandware.static/-/Sites-cpd-nyxusa-master-catalog/default/dwbef45c94/ProductImages/Face/Conceal_Correct_Contour_Palette/800897831479_concealcorrectcontourpalette_light_main.jpg?sw=390&sh=390&sm=fit,/images/products/pk-mu-911.webp,abe604d965ed7ee781e384fba56abfba62d10deac3fab56f01018c0d4aa0c13a,source-record-paired
PK-MU-912,Nyx Gotcha Covered Concealer Pencil,beauty-personal-care,Makeup API,https://www.nyxcosmetics.com/dw/image/v2/AANG_PRD/on/demandware.static/-/Sites-cpd-nyxusa-master-catalog/default/dw8ad0514f/ProductImages/2016/Face/Gotcha_Covered_Concealer_Pencil/gotchacoveredconcealerpencil_main.jpg?sw=390&sh=390&sm=fit,/images/products/pk-mu-912.webp,bad7afd50b273ac754a5e75ee6e4d665031f7043601c6f149e7fade2fd9d877e,source-record-paired
PK-MU-913,Nyx Powder Blush,beauty-personal-care,Makeup API,https://www.nyxcosmetics.com/dw/image/v2/AANG_PRD/on/demandware.static/-/Sites-cpd-nyxusa-master-catalog/default/dw12ca4942/ProductImages/Face/Powder_Blush/powderblush_main.jpg?sw=390&sh=390&sm=fit,/images/products/pk-mu-913.webp,43c96f0c73b5dccbffb80eeeea9011befa19333397ee9e954308cc248d7a959a,source-record-paired
PK-MU-914,Nyx Stick Blush,beauty-personal-care,Makeup API,https://www.nyxcosmetics.com/dw/image/v2/AANG_PRD/on/demandware.static/-/Sites-cpd-nyxusa-master-catalog/default/dwb08ab0fe/ProductImages/Face/Stick_Blush/stickblush_main.jpg?sw=390&sh=390&sm=fit,/images/products/pk-mu-914.webp,ffc2f9ad8a8b482f72f1cefaf9b46c26a89c1ef9e9a98e363c94958aa517ef12,source-record-paired
PK-MU-915,Nyx Ombre Blush,beauty-personal-care,Makeup API,https://www.nyxcosmetics.com/dw/image/v2/AANG_PRD/on/demandware.static/-/Sites-cpd-nyxusa-master-catalog/default/dw87fb4a6b/ProductImages/2016/Face/Ombre_Blush/ombreblush_main.jpg?sw=390&sh=390&sm=fit,/images/products/pk-mu-915.webp,96978281a51e1431554ee8472cedcc394d577bcd5f615588da28f88b0a4aa182,source-record-paired
PK-MU-916,Nyx High Definition Blush,beauty-personal-care,Makeup API,https://www.nyxcosmetics.com/dw/image/v2/AANG_PRD/on/demandware.static/-/Sites-cpd-nyxusa-master-catalog/default/dw565af449/ProductImages/Face/High_Definition_Blush/highdefinitionblush_main.jpg?sw=390&sh=390&sm=fit,/images/products/pk-mu-916.webp,014926cbb24979b351dd34c775410253e61cd645a4f0f12bb7da125d1f07d2bd,source-record-paired
PK-MU-917,Nyx Bronzer & Blusher Combo,beauty-personal-care,Makeup API,https://www.nyxcosmetics.com/dw/image/v2/AANG_PRD/on/demandware.static/-/Sites-cpd-nyxusa-master-catalog/default/dwa51d41b7/ProductImages/Face/Bronzer_And_Blusher_Combo/bronzerandblushercombo_main.jpg?sw=390&sh=390&sm=fit,/images/products/pk-mu-917.webp,846433f534a42bd7a27b8417af2ceb59fdd44de05cf47c5e13ca585302678add,source-record-paired
PK-MU-918,Nyx Baked Blush,beauty-personal-care,Makeup API,https://www.nyxcosmetics.com/dw/image/v2/AANG_PRD/on/demandware.static/-/Sites-cpd-nyxusa-master-catalog/default/dwfdfb0cd6/ProductImages/Face/Baked_Blush/800897824181_bakedblush_fullonfemme_main.jpg?sw=390&sh=390&sm=fit,/images/products/pk-mu-918.webp,7d0a56642e956b8b9ccb215a1a1a0f2c50456e85211071ab2790fb6c52d6774e,source-record-paired
PK-MU-919,Nyx Mosaic Powder Blush,beauty-personal-care,Makeup API,https://www.nyxcosmetics.com/dw/image/v2/AANG_PRD/on/demandware.static/-/Sites-cpd-nyxusa-master-catalog/default/dw5b50439f/ProductImages/Face/Mosaic_Powder_Blush/800897124533_mosaicpowderblush_highlighter_main.jpg?sw=390&sh=390&sm=fit,/images/products/pk-mu-919.webp,97fb065d4f403b70124fa8ee79a10893184e5fb52959149197f99a6d1ba356ef,source-record-paired
PK-MU-920,Nyx Rouge Cream Blush,beauty-personal-care,Makeup API,https://www.nyxcosmetics.com/dw/image/v2/AANG_PRD/on/demandware.static/-/Sites-cpd-nyxusa-master-catalog/default/dw91979480/ProductImages/Face/Rouge_Cream_Blush/rougecreamblush_main.jpg?sw=390&sh=390&sm=fit,/images/products/pk-mu-920.webp,e577110b03a49481bab21c4071367eadd75e5924965f15edc60e366d1a53ce5e,source-record-paired
PK-MU-921,Nyx Bright Idea Illuminating Stick,beauty-personal-care,Makeup API,https://www.nyxcosmetics.com/dw/image/v2/AANG_PRD/on/demandware.static/-/Sites-cpd-nyxusa-master-catalog/default/dwc8112b7d/ProductImages/2016/Face/Bright_Idea_Illuminating_Stick/brightideailluminatingstick_main.jpg?sw=390&sh=390&sm=fit,/images/products/pk-mu-921.webp,5121f0183191531480407a9e2e9fb3b035784435876b09567a59d0f834dca74f,source-record-paired
PK-MU-922,Nyx High Definition Blush Pro Refills,beauty-personal-care,Makeup API,https://www.nyxcosmetics.com/dw/image/v2/AANG_PRD/on/demandware.static/-/Sites-cpd-nyxusa-master-catalog/default/dw587b93a7/ProductImages/Face/High_Definition_Pro_Blush_Refills/highdefinitionproblushrefills_main.jpg?sw=390&sh=390&sm=fit,/images/products/pk-mu-922.webp,6a100c56200f6b16c8c3363e027e958ab16ffaa3975748c5ad0cd046edcef901,source-record-paired
PK-MU-923,Nyx Cheek Contour Duo Palette,beauty-personal-care,Makeup API,https://www.nyxcosmetics.com/dw/image/v2/AANG_PRD/on/demandware.static/-/Sites-cpd-nyxusa-master-catalog/default/dwb9e0511a/ProductImages/2016/Face/Cheek_Contour_Duo_Palette/800897012007_cheekcontourduopalette_doubledate_main.jpg?sw=390&sh=390&sm=fit,/images/products/pk-mu-923.webp,417b74cbabea36973fd45b241847c45cf48a7854993c99b5ce28d1e9b17a51e1,source-record-paired
PK-MU-924,Nyx Sweet Cheeks Blush Palette,beauty-personal-care,Makeup API,https://www.nyxcosmetics.com/dw/image/v2/AANG_PRD/on/demandware.static/-/Sites-cpd-nyxusa-master-catalog/default/dwa0a9cf48/ProductImages/2016/Face/Sweet_Cheeks_Blush_Palette/sweetcheeksblushpalette_main.jpg?sw=390&sh=390&sm=fit,/images/products/pk-mu-924.webp,d8663ac50e985315adf3952a4ac41803e98b11623695a16081b9d2adff4f0c4d,source-record-paired
PK-MU-926,Nyx Matte Bronzer,beauty-personal-care,Makeup API,https://www.nyxcosmetics.com/dw/image/v2/AANG_PRD/on/demandware.static/-/Sites-cpd-nyxusa-master-catalog/default/dwed153ea9/ProductImages/Face/Matte_Bronzer/800897809058_mattebronzer_light_main.jpg?sw=390&sh=390&sm=fit,/images/products/pk-mu-926.webp,748fa03b0dd7fb77318982ac595d80138086dc143e8b118d626ffc1c1443f755,source-record-paired
PK-MU-927,Nyx Illuminator,beauty-personal-care,Makeup API,https://www.nyxcosmetics.com/dw/image/v2/AANG_PRD/on/demandware.static/-/Sites-cpd-nyxusa-master-catalog/default/dw5248da3f/ProductImages/Face/Illuminator/800897809003_illuminator_narcissistic_main.jpg?sw=390&sh=390&sm=fit,/images/products/pk-mu-927.webp,436a086469e6e43a652d5dde9e72127f318289ad3e98e943eb2480a868ae0fa6,source-record-paired
PK-MU-928,Nyx Tango With Bronzing Powder,beauty-personal-care,Makeup API,https://www.nyxcosmetics.com/dw/image/v2/AANG_PRD/on/demandware.static/-/Sites-cpd-nyxusa-master-catalog/default/dw99f3e999/ProductImages/Face/Tango_With_Bronzing_Powder/tangowithbronzingpowder_main.jpg?sw=390&sh=390&sm=fit,/images/products/pk-mu-928.webp,3cb0c5499f4fda654733ee3a32fe87e079c0c31e8e38161c2e4dfbea031e0274,source-record-paired
PK-MU-929,Nyx Studio Finishing Powder,beauty-personal-care,Makeup API,https://www.nyxcosmetics.com/dw/image/v2/AANG_PRD/on/demandware.static/-/Sites-cpd-nyxusa-master-catalog/default/dw3aaafbb3/ProductImages/Face/Studio_Finishing_Powder/studiofinishingpowder_main.jpg?sw=390&sh=390&sm=fit,/images/products/pk-mu-929.webp,67e02ee04380b421a9d5be7c39316497818cd06d76e42d6cc9696dee22e9eec9,source-record-paired
PK-MU-930,Nyx High Definition Finishing Powder,beauty-personal-care,Makeup API,https://www.nyxcosmetics.com/dw/image/v2/AANG_PRD/on/demandware.static/-/Sites-cpd-nyxusa-master-catalog/default/dw090ffa50/ProductImages/Face/High_Definition_Finishing_Power/800897834661_highdefinitionfinishingpowder_translucent_main.jpg?sw=390&sh=390&sm=fit,/images/products/pk-mu-930.webp,6bcb23952184bb76255362ac3bbd38173dde91107c3dace3c60f013a0db5aca9,source-record-paired
PK-MU-931,Nyx Mineral Finishing Powder,beauty-personal-care,Makeup API,https://www.nyxcosmetics.com/dw/image/v2/AANG_PRD/on/demandware.static/-/Sites-cpd-nyxusa-master-catalog/default/dw66d2b512/ProductImages/Face/Mineral_Finishing_Powder/800897815455_mineralfinishingpowder_lightmedium_main.jpg?sw=390&sh=390&sm=fit,/images/products/pk-mu-931.webp,56c8bcf32d37ec1d0de5845107f0e31ad4594863b0280b5ef3588421828f9c11,source-record-paired
PK-MU-932,Nyx Radiant Finishing Powder,beauty-personal-care,Makeup API,https://www.nyxcosmetics.com/dw/image/v2/AANG_PRD/on/demandware.static/-/Sites-cpd-nyxusa-master-catalog/default/dwf8ec0855/ProductImages/Face/Radiant_Finishing_Powder/radiantfinishingpowder_main.jpg?sw=390&sh=390&sm=fit,/images/products/pk-mu-932.webp,2ebfe511be9c4bf317a8f6a9401e0de417b43377e935f3ae4d9d0812bdb4aceb,source-record-paired
PK-MU-933,Nyx Primal Colors,beauty-personal-care,Makeup API,https://www.nyxcosmetics.com/dw/image/v2/AANG_PRD/on/demandware.static/-/Sites-cpd-nyxusa-master-catalog/default/dw2872d6ca/ProductImages/Eyes/Primal_Colors/primalcolors_main.jpg?sw=390&sh=390&sm=fit,/images/products/pk-mu-933.webp,879b2b2d3ff0d749eeee25f6c4f47dfd3ad202df4b38cada42ede81ecd8bd603,source-record-paired
PK-MU-934,Nyx High Definition Finishing Powder Mini,beauty-personal-care,Makeup API,https://www.nyxcosmetics.com/dw/image/v2/AANG_PRD/on/demandware.static/-/Sites-cpd-nyxusa-master-catalog/default/dw63a5fdce/ProductImages/2017/Face/High_Definition_Finishing_Powder_Mini/800897846015_highdefinitionfinishingpowdermini_translucent_main.jpg?sw=390&sh=390&sm=fit,/images/products/pk-mu-934.webp,f0dee5c48fa3d9c35e56e8ea47731ffc8716a27d5a98811dffc511c7bd199092,source-record-paired
PK-MU-935,Nyx Color Correcting Powder,beauty-personal-care,Makeup API,https://www.nyxcosmetics.com/dw/image/v2/AANG_PRD/on/demandware.static/-/Sites-cpd-nyxusa-master-catalog/default/dw78639528/ProductImages/Face/Color_Correcting_Powder/colorcorrectingpowder_main.jpg?sw=390&sh=390&sm=fit,/images/products/pk-mu-935.webp,68a5c010ff7708044a83463cc5d08a7e730c4f7e4931d48625f9640b74c8d90d,source-record-paired
PK-MU-936,Nyx #NOFILTER Finishing Powder,beauty-personal-care,Makeup API,https://www.nyxcosmetics.com/dw/image/v2/AANG_PRD/on/demandware.static/-/Sites-cpd-nyxusa-master-catalog/default/dwd7e25eb8/ProductImages/2016/Face/No_Filter_Finishing_Powder/nofilterfinishingpowder_main.jpg?sw=390&sh=390&sm=fit,/images/products/pk-mu-936.webp,246aa75e9fe579f4938d2a27df9bdee6579b32028cd1242e4ca640312366b6b3,source-record-paired
PK-MU-937,Nyx Blotting Powder,beauty-personal-care,Makeup API,https://www.nyxcosmetics.com/dw/image/v2/AANG_PRD/on/demandware.static/-/Sites-cpd-nyxusa-master-catalog/default/dw1f4a57e0/ProductImages/Face/Blotting_Powder/800897822620_blottingpowder_light_main.jpg?sw=390&sh=390&sm=fit,/images/products/pk-mu-937.webp,d02da9082f5a93ff6a81d90c93e535a56fcc4b98a9079d585691d61b1d350bd7,source-record-paired
PK-MU-938,Nyx Holographic Halo Finishing Powder,beauty-personal-care,Makeup API,https://www.nyxcosmetics.com/dw/image/v2/AANG_PRD/on/demandware.static/-/Sites-cpd-nyxusa-master-catalog/default/dw2945b62d/ProductImages/2018/Face/Holographic_Halo_Finishing_Powder/holographichalofinishingpowder_main.jpg?sw=390&sh=390&sm=fit,/images/products/pk-mu-938.webp,58867592e528fba94d8225d58f47da71b9e5478c14fa7c70788d4becf0acd322,source-record-paired
PK-MU-939,Nyx SFX Setting Powder,beauty-personal-care,Makeup API,https://www.nyxcosmetics.com/dw/image/v2/AANG_PRD/on/demandware.static/-/Sites-cpd-nyxusa-master-catalog/default/dwd3ce6c29/ProductImages/2016/More/SFX_Setting_Powder/sfxsettingpowder_main.jpg?sw=390&sh=390&sm=fit,/images/products/pk-mu-939.webp,df6bd3d11e61db4d554e434d11cecfffed1a5d99fe39acf2c319456aa441258c,source-record-paired
PK-MU-940,Nyx Vivid Brights Liner,beauty-personal-care,Makeup API,https://www.nyxcosmetics.com/dw/image/v2/AANG_PRD/on/demandware.static/-/Sites-cpd-nyxusa-master-catalog/default/dw5b4da1c3/ProductImages/2016/Eyes/Vivid_Brights_Liner/vividbrightsliner_main.jpg?sw=390&sh=390&sm=fit,/images/products/pk-mu-940.webp,8e1657de3aa83f637ec680dd1cd9fb51cdadc91fc04de4212ce682014098da66,source-record-paired
PK-MU-941,Nyx Matte Liquid Liner,beauty-personal-care,Makeup API,https://www.nyxcosmetics.com/dw/image/v2/AANG_PRD/on/demandware.static/-/Sites-cpd-nyxusa-master-catalog/default/dwac1a91b0/ProductImages/Eyes/Matte_Liquid_Liner/800897836573_matteliquidliner_main.jpg?sw=390&sh=390&sm=fit,/images/products/pk-mu-941.webp,800d6c87daac4d4189b9ce9bc2b03fd61982c47aec47b03da5103b5f3abb792e,source-record-paired
PK-MU-942,Nyx Glam Liner Aqua Luxe Collection,beauty-personal-care,Makeup API,https://www.nyxcosmetics.com/dw/image/v2/AANG_PRD/on/demandware.static/-/Sites-cpd-nyxusa-master-catalog/default/dw37148f7b/ProductImages/Eyes/Glam_Liner_Aqua_Luxe_Collection/glamlineraqualuxecollection_main.jpg?sw=390&sh=390&sm=fit,/images/products/pk-mu-942.webp,5f395e9d42e3c878ad0d9e3b08de74f67c99daa5e57060c9ba23c21dd71f767f,source-record-paired
PK-MU-943,Nyx Epic Ink Liner,beauty-personal-care,Makeup API,https://www.nyxcosmetics.com/dw/image/v2/AANG_PRD/on/demandware.static/-/Sites-cpd-nyxusa-master-catalog/default/dw1c0eb02f/ProductImages/2017/Eyes/Epic_Ink_Liner/800897085605_epicinkliner_main.jpg?sw=390&sh=390&sm=fit,/images/products/pk-mu-943.webp,6a7b39516cf2adb16df0454a417bc0854aab2a44b347697391740e1c7d31de61,source-record-paired
PK-MU-944,Nyx Studio Liquid Liner,beauty-personal-care,Makeup API,https://www.nyxcosmetics.com/dw/image/v2/AANG_PRD/on/demandware.static/-/Sites-cpd-nyxusa-master-catalog/default/dw1a631541/ProductImages/Eyes/Studio_Liquid_Liner/studioliquidliner_main.jpg?sw=390&sh=390&sm=fit,/images/products/pk-mu-944.webp,9aff5a1fa90ec72001c2f74895fc9ef99268c4388a27f8eb4f96bf19308cdb07,source-record-paired
PK-MU-945,Nyx White Liquid Liner,beauty-personal-care,Makeup API,https://www.nyxcosmetics.com/dw/image/v2/AANG_PRD/on/demandware.static/-/Sites-cpd-nyxusa-master-catalog/default/dw0fd19ef1/ProductImages/Eyes/White_Liquid_Liner/whiteliquidliner_main.jpg?sw=390&sh=390&sm=fit,/images/products/pk-mu-945.webp,68b095472dbd35ae7d8c7a37f01c7ad44e5e735c701cf84242704a3d75c836ef,source-record-paired
PK-MU-946,Nyx That's The Point Eyeliner,beauty-personal-care,Makeup API,https://www.nyxcosmetics.com/dw/image/v2/AANG_PRD/on/demandware.static/-/Sites-cpd-nyxusa-master-catalog/default/dwed5f712e/ProductImages/2017/Eyes/Thats_The_Point_Eyeliner/thatsthepointeyeliner_main.jpg?sw=390&sh=390&sm=fit,/images/products/pk-mu-946.webp,720c48baea4d09e6e2b274e162219089383cb46d29e6744c9256b3ebfbbac38d,source-record-paired
PK-MU-947,Nyx Vinyl Liquid Liner,beauty-personal-care,Makeup API,https://www.nyxcosmetics.com/dw/image/v2/AANG_PRD/on/demandware.static/-/Sites-cpd-nyxusa-master-catalog/default/dw9723d9ae/ProductImages/Eyes/Vinyl_Liquid_Liner/vinylliquidliner_main.jpg?sw=390&sh=390&sm=fit,/images/products/pk-mu-947.webp,5a0b547a701ee7b0123eece978eaafbcc50a4b64cac69a334c9cc44656ee3982,source-record-paired
PK-MU-948,Nyx Colored Felt Tip Liner,beauty-personal-care,Makeup API,https://www.nyxcosmetics.com/dw/image/v2/AANG_PRD/on/demandware.static/-/Sites-cpd-nyxusa-master-catalog/default/dwa801b855/ProductImages/2016/Eyes/Colored_Felt_Tip_Liner/coloredfelttipliner_main.jpg?sw=390&sh=390&sm=fit,/images/products/pk-mu-948.webp,dc225aeacb0e2231314d642d3d3942cec5bf2186212bc8e99935fab57e698571,source-record-paired
PK-MU-949,Nyx The Curve,beauty-personal-care,Makeup API,https://www.nyxcosmetics.com/dw/image/v2/AANG_PRD/on/demandware.static/-/Sites-cpd-nyxusa-master-catalog/default/dw6a4af1d6/ProductImages/Eyes/The_Curve/thecurve_main.jpg?sw=390&sh=390&sm=fit,/images/products/pk-mu-949.webp,510645fd0f280ce3cefa6001a6361454af14130734bbfe8d5a676fe9528fdac2,source-record-paired
PK-MU-950,Nyx Felt Tip Liner,beauty-personal-care,Makeup API,https://www.nyxcosmetics.com/dw/image/v2/AANG_PRD/on/demandware.static/-/Sites-cpd-nyxusa-master-catalog/default/dw16b77618/ProductImages/Eyes/Felt_Tip_Liner/feltipliner_main.jpg?sw=390&sh=390&sm=fit,/images/products/pk-mu-950.webp,46748542a72bc518708bba1ca4abdcfa782c36aaaf38e28a8771c557e37f5aa9,source-record-paired
PK-MU-951,Nyx Super Skinny Eye Marker,beauty-personal-care,Makeup API,https://www.nyxcosmetics.com/dw/image/v2/AANG_PRD/on/demandware.static/-/Sites-cpd-nyxusa-master-catalog/default/dwea7c51df/ProductImages/Eyes/Super_Skinny_Eye_Marker/superskinnyeyemarker_main.jpg?sw=390&sh=390&sm=fit,/images/products/pk-mu-951.webp,10155aafc9fdd6d0840aeea50447015f4386bd0e96c45027ee0f65402a1b1736,source-record-paired
PK-MU-952,Nyx Super Fat Eye Marker,beauty-personal-care,Makeup API,https://www.nyxcosmetics.com/dw/image/v2/AANG_PRD/on/demandware.static/-/Sites-cpd-nyxusa-master-catalog/default/dw8c640821/ProductImages/Eyes/Super_Fat_Eye_Marker/superfateyemarker_main.jpg?sw=390&sh=390&sm=fit,/images/products/pk-mu-952.webp,b06bc8df804c576f26a3d26dc0bd2eaf5d85bb1d7ee4365f69387c12c15923fd,source-record-paired
PK-MU-953,Nyx Collection Chocolate,beauty-personal-care,Makeup API,https://www.nyxcosmetics.com/dw/image/v2/AANG_PRD/on/demandware.static/-/Sites-cpd-nyxusa-master-catalog/default/dwbccef58f/ProductImages/Eyes/Collection_Chocolate/collectionchocolate_main.jpg?sw=390&sh=390&sm=fit,/images/products/pk-mu-953.webp,4c45eef054eb433b222bc9e92f1d59f91f4743602f8222b0fa8a9029081ad9fd,source-record-paired
PK-MU-954,Nyx Strictly Vinyl Eyeliner,beauty-personal-care,Makeup API,https://www.nyxcosmetics.com/dw/image/v2/AANG_PRD/on/demandware.static/-/Sites-cpd-nyxusa-master-catalog/default/dw1498d09f/ProductImages/2018/Eyes/Strictly_Vinyl_Eyeliner/strictlyvinyleyeliner_main.jpg?sw=390&sh=390&sm=fit,/images/products/pk-mu-954.webp,15b47efe1be51c21209520b9fe04fd4c9a5617ac0eb1c3f28fbffc383ed63b10,source-record-paired
PK-MU-955,Nyx Two Timer Dual Ended Eyeliner,beauty-personal-care,Makeup API,https://www.nyxcosmetics.com/dw/image/v2/AANG_PRD/on/demandware.static/-/Sites-cpd-nyxusa-master-catalog/default/dwcd8987df/ProductImages/Eyes/Two_Timer_Dual_Ended_Eyeliner/twotimerdualendedeyeliner_main.jpg?sw=390&sh=390&sm=fit,/images/products/pk-mu-955.webp,37b895435aec8e9b532ace337b422907500d3cd627a41c0671e1f856fd30f82c,source-record-paired
PK-MU-956,Nyx Jumbo Eye Pencil,beauty-personal-care,Makeup API,https://www.nyxcosmetics.com/dw/image/v2/AANG_PRD/on/demandware.static/-/Sites-cpd-nyxusa-master-catalog/default/dwda543a41/ProductImages/Eyes/Jumbo_Eye_Pencil/jumboeyepencil_main.jpg?sw=390&sh=390&sm=fit,/images/products/pk-mu-956.webp,309200e8faae1eb179217e03c738bc0a7654618b00cd481a7e22f035a37b74b5,source-record-paired
PK-MU-957,Nyx Slide On Pencil,beauty-personal-care,Makeup API,https://www.nyxcosmetics.com/dw/image/v2/AANG_PRD/on/demandware.static/-/Sites-cpd-nyxusa-master-catalog/default/dwbdf94a20/ProductImages/Eyes/Slide_On_Pencil/slideonpencil_main.jpg?sw=390&sh=390&sm=fit,/images/products/pk-mu-957.webp,f5a487d05ad3d0570edd78f3573863b3d231a4647ca0aca854d2a76955b47b27,source-record-paired
PK-MU-958,Nyx Retractable Eye Liner,beauty-personal-care,Makeup API,https://www.nyxcosmetics.com/dw/image/v2/AANG_PRD/on/demandware.static/-/Sites-cpd-nyxusa-master-catalog/default/dw83169760/ProductImages/Eyes/Retractable_Eye_Liner/retractableeyeliner_main.jpg?sw=390&sh=390&sm=fit,/images/products/pk-mu-958.webp,6d786d5d494761e18805658914017db43454e0794a1c4028f97c35a0cbc306f5,source-record-paired
PK-MU-959,Nyx Slim Eye Pencil,beauty-personal-care,Makeup API,https://www.nyxcosmetics.com/dw/image/v2/AANG_PRD/on/demandware.static/-/Sites-cpd-nyxusa-master-catalog/default/dwd6b2499f/ProductImages/Eyes/Slim_Eye_Pencil/slimeyepencil_main.jpg?sw=390&sh=390&sm=fit,/images/products/pk-mu-959.webp,be1748a1a87d129e0c6d26322ddb734cbc9245cf45be4652ff77cd7054d504ad,source-record-paired
PK-MU-960,Nyx Collection Noir,beauty-personal-care,Makeup API,https://www.nyxcosmetics.com/dw/image/v2/AANG_PRD/on/demandware.static/-/Sites-cpd-nyxusa-master-catalog/default/dw5a58329e/ProductImages/Eyes/Collection_Noir/collectionnoir_main.jpg?sw=390&sh=390&sm=fit,/images/products/pk-mu-960.webp,88c0f82a1a8fd04ff945cffcee5a263d32f5e378f9b070f8a2bfb0e5febab097,source-record-paired
PK-MU-961,Nyx Faux Blacks Eyeliner,beauty-personal-care,Makeup API,https://www.nyxcosmetics.com/dw/image/v2/AANG_PRD/on/demandware.static/-/Sites-cpd-nyxusa-master-catalog/default/dw52b6a577/ProductImages/2017/Eyes/Faux_Blacks_Eyeliner/fauxblackseyeliner_main.jpg?sw=390&sh=390&sm=fit,/images/products/pk-mu-961.webp,93ef768bc560ae9705e7a73c1d0000fae400773cb47022b018279d9872d8b314,source-record-paired
PK-MU-962,Nyx Faux Whites Eye Brightener,beauty-personal-care,Makeup API,https://www.nyxcosmetics.com/dw/image/v2/AANG_PRD/on/demandware.static/-/Sites-cpd-nyxusa-master-catalog/default/dwd6f5e770/ProductImages/2017/Eyes/Faux_Whites_Eye_Brightener/fauxwhiteseyebrightener_main.jpg?sw=390&sh=390&sm=fit,/images/products/pk-mu-962.webp,ba12dade0b4491764fe2fd269c5e62ba093d5b9f2bb7043fd2824b27964b39de,source-record-paired
PK-MU-963,Nyx Tres Jolie Gel Pencil Liner,beauty-personal-care,Makeup API,https://www.nyxcosmetics.com/dw/image/v2/AANG_PRD/on/demandware.static/-/Sites-cpd-nyxusa-master-catalog/default/dw85212794/ProductImages/Eyes/Tres_Jolie_Gel_Pencil_Liner/tresjoliegelpencilliner_main.jpg?sw=390&sh=390&sm=fit,/images/products/pk-mu-963.webp,0943520f0b72e88edf62deccb262afffbe7c63666452e2944968502e05c8b01f,source-record-paired
PK-MU-964,Nyx Metallic Eyeliner,beauty-personal-care,Makeup API,https://www.nyxcosmetics.com/dw/image/v2/AANG_PRD/on/demandware.static/-/Sites-cpd-nyxusa-master-catalog/default/dw1a50507a/ProductImages/2018/Eyes/Metallic_Eyeliner/metalliceyeliner_main.jpg?sw=390&sh=390&sm=fit,/images/products/pk-mu-964.webp,1ca69ecfce2caef389bd9a2655833bf68e79fed9868e232a911de706bd7841b6,source-record-paired
PK-MU-965,Nyx Gel Liner And Smudger,beauty-personal-care,Makeup API,https://www.nyxcosmetics.com/dw/image/v2/AANG_PRD/on/demandware.static/-/Sites-cpd-nyxusa-master-catalog/default/dw7fa3d736/ProductImages/Eyes/Gel_Liner_And_Smudger/gellinerandsmudger_main.jpg?sw=390&sh=390&sm=fit,/images/products/pk-mu-965.webp,fad503a2c463e1e5035500c32ca3985d67924c658fced72ec6cabf1334a9c3d9,source-record-paired
PK-MU-966,Nyx Cosmic Gel Liner,beauty-personal-care,Makeup API,https://www.nyxcosmetics.com/dw/image/v2/AANG_PRD/on/demandware.static/-/Sites-cpd-nyxusa-master-catalog/default/dw62a7d3b0/ProductImages/2016/Eyes/Cosmic_Gel_Liner/800897016364_cosmicgelliner_interstellar_main.jpg?sw=390&sh=390&sm=fit,/images/products/pk-mu-966.webp,deeee4de039f42f1e8a392ebaf21372fc4e7d8f31b8e50f9431f7f6439439e02,source-record-paired
PK-MU-967,Nyx Epic Black Mousse Liner,beauty-personal-care,Makeup API,https://www.nyxcosmetics.com/dw/image/v2/AANG_PRD/on/demandware.static/-/Sites-cpd-nyxusa-master-catalog/default/dw1f473566/ProductImages/Eyes/Epic_Black_Mousse_Liner/800897832162_epicblackmousseliner_main.jpg?sw=390&sh=390&sm=fit,/images/products/pk-mu-967.webp,1c3cf50ad34c093f3765e0ba414e191ef616e31c27c5a20a915412599cd1c617,source-record-paired
PK-MU-968,Nyx Cake That! Powder Eyeliner,beauty-personal-care,Makeup API,https://www.nyxcosmetics.com/dw/image/v2/AANG_PRD/on/demandware.static/-/Sites-cpd-nyxusa-master-catalog/default/dwb7f857fa/ProductImages/2017/Eyes/Cake_That_Powder_Eyeliner/cakethatpowdereyeliner_main.jpg?sw=390&sh=390&sm=fit,/images/products/pk-mu-968.webp,84c5c20c47cf9431b3b92d0fef4254aee85b722579d7898e4ee3470fb29741ef,source-record-paired
PK-MU-969,Nyx Holographic Halo Cream Eyeliner,beauty-personal-care,Makeup API,https://www.nyxcosmetics.com/dw/image/v2/AANG_PRD/on/demandware.static/-/Sites-cpd-nyxusa-master-catalog/default/dwc135311a/ProductImages/2018/Eyes/Holographic_Halo_Cream_Liner/holographichalocreamliner_main.jpg?sw=390&sh=390&sm=fit,/images/products/pk-mu-969.webp,b5cd7b858347489baec9c212f38662eab46947d9ab986532207ade0128fd702f,source-record-paired
PK-MU-970,Nyx Micro Brow Pencil,beauty-personal-care,Makeup API,https://www.nyxcosmetics.com/dw/image/v2/AANG_PRD/on/demandware.static/-/Sites-cpd-nyxusa-master-catalog/default/dw14cbffac/ProductImages/Eyes/Micro_Brow_Pencil/microbrowpencil_main.jpg?sw=390&sh=390&sm=fit,/images/products/pk-mu-970.webp,0201aa2b3d0d1993cbb2efa2cac18d215d98c4c3769b195098d14432bf10b67b,source-record-paired
PK-MU-971,Nyx Tame & Frame Brow Pomade,beauty-personal-care,Makeup API,https://www.nyxcosmetics.com/dw/image/v2/AANG_PRD/on/demandware.static/-/Sites-cpd-nyxusa-master-catalog/default/dw3f349e2f/ProductImages/Eyes/Tame_And_Frame_Brow_Pomade/tameandframebrowpomade_main.jpg?sw=390&sh=390&sm=fit,/images/products/pk-mu-971.webp,cd3d470fae0c93d3423cc55b9f5fa4fdd0a8cfa890242d5206a4f3d64d7c0295,source-record-paired
PK-MU-972,Nyx Eyebrow Gel,beauty-personal-care,Makeup API,https://www.nyxcosmetics.com/dw/image/v2/AANG_PRD/on/demandware.static/-/Sites-cpd-nyxusa-master-catalog/default/dw9ad6ed1a/ProductImages/Eyes/Eyebrow_Gel/800897831585_eyebrowgel_main.jpg?sw=390&sh=390&sm=fit,/images/products/pk-mu-972.webp,618574768cf04e89a84e9894cfdbeb932bee1870a2c8cc194f0e49a075cc6013,source-record-paired
PK-MU-973,Nyx Auto Eyebrow Pencil,beauty-personal-care,Makeup API,https://www.nyxcosmetics.com/dw/image/v2/AANG_PRD/on/demandware.static/-/Sites-cpd-nyxusa-master-catalog/default/dw2a31f0af/ProductImages/Eyes/Auto_Eyebrow_Pencil/autoeyebrowpencil_main.jpg?sw=390&sh=390&sm=fit,/images/products/pk-mu-973.webp,459d5ae22b4df16f62ac10ed110946b9e0d7bc479ae26d0b548b7d9d78d7ea65,source-record-paired
PK-MU-974,Nyx Tinted Brow Mascara,beauty-personal-care,Makeup API,https://www.nyxcosmetics.com/dw/image/v2/AANG_PRD/on/demandware.static/-/Sites-cpd-nyxusa-master-catalog/default/dw4093ace1/ProductImages/Eyes/Tinted_Brow_Mascara/tintedbrowmascara_main.jpg?sw=390&sh=390&sm=fit,/images/products/pk-mu-974.webp,26599ae8da7be34f5552756b5802c51b8ce6711aa38a12cdbb4e500d1bfe38c7,source-record-paired
PK-MU-975,Nyx Eyebrow Cake Powder,beauty-personal-care,Makeup API,https://www.nyxcosmetics.com/dw/image/v2/AANG_PRD/on/demandware.static/-/Sites-cpd-nyxusa-master-catalog/default/dw0e17c958/ProductImages/Eyes/Eyebrow_Cake_Powder/800897123864_eyebrowcakepowder_blackgrey_main.jpg?sw=390&sh=390&sm=fit,/images/products/pk-mu-975.webp,7f42528ed0365b2e1a8153545dd9b8e967b483efbda36b23774763455d75c0ff,source-record-paired
PK-MU-976,Nyx Control Freak Eyebrow Gel,beauty-personal-care,Makeup API,https://www.nyxcosmetics.com/dw/image/v2/AANG_PRD/on/demandware.static/-/Sites-cpd-nyxusa-master-catalog/default/dwdf8d06a2/ProductImages/Eyes/Control_Freak_Eyebrow_Gel/controlfreakeyebrowgel_main.jpg?sw=390&sh=390&sm=fit,/images/products/pk-mu-976.webp,acb1f620eea4069ec46d588208dfb631bc9805b80e763c61c02aed342c4e8d65,source-record-paired
PK-MU-977,Nyx Sculpt & Highlight Brow Contour,beauty-personal-care,Makeup API,https://www.nyxcosmetics.com/dw/image/v2/AANG_PRD/on/demandware.static/-/Sites-cpd-nyxusa-master-catalog/default/dw2d356326/ProductImages/2016/Eyes/Sculpt_And_Highlight_Brow_Contour/sculptandhighlightbrowcontour_main.jpg?sw=390&sh=390&sm=fit,/images/products/pk-mu-977.webp,34840a33dc14475c38caa36053efded388fa4b97371a0e4e2a18a9c57f441cb9,source-record-paired
PK-MU-978,Nyx Precision Brow Pencil,beauty-personal-care,Makeup API,https://www.nyxcosmetics.com/dw/image/v2/AANG_PRD/on/demandware.static/-/Sites-cpd-nyxusa-master-catalog/default/dw9929b8e6/ProductImages/2017/Eyes/Precision_Brow_Pencil/precisionbrowpencil_main.jpg?sw=390&sh=390&sm=fit,/images/products/pk-mu-978.webp,4fe1137d8230c4d81bc16c3a2f2b132d9b26f6e11e5b66d1e99f17d14d4ffd9a,source-record-paired
PK-MU-979,Nyx Eyebrow Powder Pencil,beauty-personal-care,Makeup API,https://www.nyxcosmetics.com/dw/image/v2/AANG_PRD/on/demandware.static/-/Sites-cpd-nyxusa-master-catalog/default/dw85601149/ProductImages/2017/Eyes/Eyebrow_Powder_Pencil/eyebrowpowderpencil_main.jpg?sw=390&sh=390&sm=fit,/images/products/pk-mu-979.webp,488193a19a5a5c3b423f3d53d84d4da71dfe75caf3e4184499e153f6e56f9a86,source-record-paired
PK-MU-980,Nyx Proof It! Waterproof Eyebrow Primer,beauty-personal-care,Makeup API,https://www.nyxcosmetics.com/dw/image/v2/AANG_PRD/on/demandware.static/-/Sites-cpd-nyxusa-master-catalog/default/dwa61027e6/ProductImages/Eyes/Proof_It_Waterproof_Eyebrow_Primer/proofitwaterproofeyebrowprimer_main.jpg?sw=390&sh=390&sm=fit,/images/products/pk-mu-980.webp,f5741eeeaa0443f39056bf986c7d2335f870340f6388d612a86144e6606425e4,source-record-paired
PK-MU-981,Nyx 3-in-1 Brow Pencil,beauty-personal-care,Makeup API,https://www.nyxcosmetics.com/dw/image/v2/AANG_PRD/on/demandware.static/-/Sites-cpd-nyxusa-master-catalog/default/dw840d556c/ProductImages/2017/Eyes/3_in_1_Brow_Pencil/3in1browpencil_main.jpg?sw=390&sh=390&sm=fit,/images/products/pk-mu-981.webp,172b2c764435045ceff5def41b28204e4733469c516e478eaa365262111a28e5,source-record-paired
PK-MU-982,Nyx Build 'Em Up Brow Powder,beauty-personal-care,Makeup API,https://www.nyxcosmetics.com/dw/image/v2/AANG_PRD/on/demandware.static/-/Sites-cpd-nyxusa-master-catalog/default/dw837424ec/ProductImages/2017/Eyes/Build_Em_Up_Brow_Powder/buildemupbrowpowder_main.jpg?sw=390&sh=390&sm=fit,/images/products/pk-mu-982.webp,9f526b4b770137597c39728d5df4b941e565f25572e86174ee79b1527e87375f,source-record-paired
PK-MU-983,Nyx Eyebrow Shaper,beauty-personal-care,Makeup API,https://www.nyxcosmetics.com/dw/image/v2/AANG_PRD/on/demandware.static/-/Sites-cpd-nyxusa-master-catalog/default/dw7bb4049d/ProductImages/Eyes/Eyebrow_Shaper/eyebrowshaper_main.jpg?sw=390&sh=390&sm=fit,/images/products/pk-mu-983.webp,fbd38845076b2819fb8e66f4657aaa351db3fc3eb6b5daacf5f9093b2a4f891f,source-record-paired
PK-MU-984,Nyx 3-Dimensional Brow Marker,beauty-personal-care,Makeup API,https://www.nyxcosmetics.com/dw/image/v2/AANG_PRD/on/demandware.static/-/Sites-cpd-nyxusa-master-catalog/default/dw1e63b16f/ProductImages/2017/Eyes/3Dimensional_Brow_Marker/3dimensionalbrowmarker_main.jpg?sw=390&sh=390&sm=fit,/images/products/pk-mu-984.webp,b0ed872ec87fd3dd97134ccdd6f81c7f6b36fd82bd098567ef7954863a6db6ac,source-record-paired
PK-MU-985,Nyx Eyebrow Push-Up Bra,beauty-personal-care,Makeup API,https://www.nyxcosmetics.com/dw/image/v2/AANG_PRD/on/demandware.static/-/Sites-cpd-nyxusa-master-catalog/default/dwadba3ae6/ProductImages/Eyes/Eyebrow_Push_Up_Bra/eyebrowpushupbra_main.jpg?sw=390&sh=390&sm=fit,/images/products/pk-mu-985.webp,5041090f649552eb025b194094eab97a3cbbcd303c7cd4b82c0465ef59f414ee,source-record-paired
PK-MU-986,Nyx Eyebrow Kit With Stencil,beauty-personal-care,Makeup API,https://www.nyxcosmetics.com/dw/image/v2/AANG_PRD/on/demandware.static/-/Sites-cpd-nyxusa-master-catalog/default/dw2636bb00/ProductImages/Eyes/Eyebrow_Kit_with_Stencils/800897142957_eyebrowkitstencil_main.jpg?sw=390&sh=390&sm=fit,/images/products/pk-mu-986.webp,772ed30182e470479529e89757e3dbb7fef38d2a937b531457ac656de8f5d0a7,source-record-paired
PK-MU-987,Nyx Eyebrow Marker,beauty-personal-care,Makeup API,https://www.nyxcosmetics.com/dw/image/v2/AANG_PRD/on/demandware.static/-/Sites-cpd-nyxusa-master-catalog/default/dwe10bfffa/ProductImages/Eyes/Eyebrow_Marker/eyebrowmarker_main.jpg?sw=390&sh=390&sm=fit,/images/products/pk-mu-987.webp,964f8a634255dd35d2b23fa0c0271a95a2763f9b1b55cdaee087e3a39f6c8e75,source-record-paired
PK-MU-988,Nyx Super Luscious Mascara,beauty-personal-care,Makeup API,https://www.nyxcosmetics.com/dw/image/v2/AANG_PRD/on/demandware.static/-/Sites-cpd-nyxusa-master-catalog/default/dw97d7c9f2/ProductImages/Eyes/Super_Luscious_Mascara/superlusciousmascara_main.jpg?sw=390&sh=390&sm=fit,/images/products/pk-mu-988.webp,fcba5c2374a2ec5d239052a1908918b0d680aa864400e96f8ec2225991b3e4bb,source-record-paired
PK-MU-989,Nyx Color Mascara,beauty-personal-care,Makeup API,https://www.nyxcosmetics.com/dw/image/v2/AANG_PRD/on/demandware.static/-/Sites-cpd-nyxusa-master-catalog/default/dw8044f7e7/ProductImages/Eyes/Color_Mascara/colormascara_main.jpg?sw=390&sh=390&sm=fit,/images/products/pk-mu-989.webp,5963e954c4e6ef2c41f1edda95c3013c688d9700db28922edd476c078fe9b73f,source-record-paired
PK-MU-990,Nyx Boudoir Mascara Collection,beauty-personal-care,Makeup API,https://www.nyxcosmetics.com/dw/image/v2/AANG_PRD/on/demandware.static/-/Sites-cpd-nyxusa-master-catalog/default/dwda9f6cec/ProductImages/Eyes/Boudoir_Mascara_Collection/boudoirmascaracollection_main.jpg.jpg?sw=390&sh=390&sm=fit,/images/products/pk-mu-990.webp,44143094f215dedec61ee5ccbd1f9c8719f8de9f82e0813444f4ff78567c7ab0,source-record-paired
PK-MU-991,Nyx Worth the Hype Volumizing & Lengthening Mascara,beauty-personal-care,Makeup API,https://www.nyxcosmetics.com/dw/image/v2/AANG_PRD/on/demandware.static/-/Sites-cpd-nyxusa-master-catalog/default/dwb654afff/ProductImages/2018/Eyes/Worth_The_Hype_Volumizing_Mascara/800897140250_worththehypevolumizingmascara_main.jpg?sw=390&sh=390&sm=fit,/images/products/pk-mu-991.webp,4bf8fe5ed3346e72b6aa9af605cce1e0dc5b87097117a81b6e225b8ceb132fe1,source-record-paired
PK-MU-992,Nyx The Skinny Mascara,beauty-personal-care,Makeup API,https://www.nyxcosmetics.com/dw/image/v2/AANG_PRD/on/demandware.static/-/Sites-cpd-nyxusa-master-catalog/default/dwcb91e11f/ProductImages/Eyes/The_Skinny_Mascara/theskinnymascara_main.jpg?sw=390&sh=390&sm=fit,/images/products/pk-mu-992.webp,19a4f2d7836b562e5fcf9b5009c117a87785778866a8afd400198b04112cfdc3,source-record-paired
PK-MU-993,Nyx Doll Eye Mascara,beauty-personal-care,Makeup API,https://www.nyxcosmetics.com/dw/image/v2/AANG_PRD/on/demandware.static/-/Sites-cpd-nyxusa-master-catalog/default/dw2e036256/ProductImages/Eyes/Doll_Eye_Mascara/800897123543_dolleyemascara_longlash_black_main.jpg?sw=390&sh=390&sm=fit,/images/products/pk-mu-993.webp,dfc44abb1b7b070d71ac6d5130c97c632f0326a7edf6cda3f2e2f7e3886ba946,source-record-paired
PK-MU-994,Nyx Double Stacked Mascara,beauty-personal-care,Makeup API,https://www.nyxcosmetics.com/dw/image/v2/AANG_PRD/on/demandware.static/-/Sites-cpd-nyxusa-master-catalog/default/dw255fbdae/ProductImages/2016/Eyes/Double_Stacked_Mascara/doublestackedmascara_main.jpg?sw=390&sh=390&sm=fit,/images/products/pk-mu-994.webp,6f8ab505630c932e2567f1dccd865467d9de8632dd96628fce3201f5c61de7fb,source-record-paired
PK-MU-995,Nyx Big & Loud Lash Primer,beauty-personal-care,Makeup API,https://www.nyxcosmetics.com/dw/image/v2/AANG_PRD/on/demandware.static/-/Sites-cpd-nyxusa-master-catalog/default/dwa4949d3a/ProductImages/Eyes/Big_And_Loud_Lash_Primer/bigandloudlashprimer_alt1.jpg?sw=390&sh=390&sm=fit,/images/products/pk-mu-995.webp,39038f329bd755aabf99a36e3976879fe346eeb0409471e54b0f16702894a080,source-record-paired
PK-MU-996,Nyx Proof It! Waterproof Mascara Top Coat,beauty-personal-care,Makeup API,https://www.nyxcosmetics.com/dw/image/v2/AANG_PRD/on/demandware.static/-/Sites-cpd-nyxusa-master-catalog/default/dw31cb2063/ProductImages/Eyes/Proof_It_Waterproof_Mascara_Top_Coat/proofitwaterproofmascaratopcoat_main.jpg?sw=390&sh=390&sm=fit,/images/products/pk-mu-996.webp,126793a6ca0a7ca4454ef1c49b311dc86c3a7061525a2768d49f789385ca2eb2,source-record-paired
PK-MU-997,Nyx Propel My Eyes Mascara,beauty-personal-care,Makeup API,https://www.nyxcosmetics.com/dw/image/v2/AANG_PRD/on/demandware.static/-/Sites-cpd-nyxusa-master-catalog/default/dw8068dbc4/ProductImages/Eyes/Propel_My_Eyes_Mascara/propelmyeyesmascara_main.jpg?sw=390&sh=390&sm=fit,/images/products/pk-mu-997.webp,ff1e5b96e7d2a16157063cd3f597e123cd61a5ae975b5b7c1b39b6325f07ab21,source-record-paired
PK-MU-998,Nyx Fly With Me Mascara,beauty-personal-care,Makeup API,https://www.nyxcosmetics.com/dw/image/v2/AANG_PRD/on/demandware.static/-/Sites-cpd-nyxusa-master-catalog/default/dwd5e25f68/ProductImages/Eyes/Fly_With_Me_Mascara/800897141431_flywithmemascara_main.jpg?sw=390&sh=390&sm=fit,/images/products/pk-mu-998.webp,a837e789123db1b970f07810b8870b51e2b776c9ffa3f10d7a526f1b249e1ead,source-record-paired
