SKU,Title,Category,Reason
"PK-MOB-007","Samsung Galaxy A15 6GB 128GB Blue Black","Mobile Phones","Retailer hotlink blocking: Cloudflare TLS handshake rejection (SEC_E_ILLEGAL_MESSAGE 0x80090326)"
"PK-MOB-008","Samsung Galaxy A05s 4GB 64GB Light Green","Mobile Phones","Retailer hotlink blocking: Cloudflare TLS handshake rejection (SEC_E_ILLEGAL_MESSAGE 0x80090326)"
"PK-MOB-009","Apple iPhone 15 Pro Max 256GB Natural Titanium","Mobile Phones","Retailer hotlink blocking: Cloudflare TLS handshake rejection (SEC_E_ILLEGAL_MESSAGE 0x80090326)"
"PK-MOB-010","Apple iPhone 15 Pro 128GB Blue Titanium","Mobile Phones","Retailer hotlink blocking: Cloudflare TLS handshake rejection (SEC_E_ILLEGAL_MESSAGE 0x80090326)"
"PK-MOB-011","Apple iPhone 15 128GB Black","Mobile Phones","Retailer hotlink blocking: Cloudflare TLS handshake rejection (SEC_E_ILLEGAL_MESSAGE 0x80090326)"
"PK-MOB-012","Apple iPhone 13 128GB Midnight","Mobile Phones","Retailer hotlink blocking: Cloudflare TLS handshake rejection (SEC_E_ILLEGAL_MESSAGE 0x80090326)"
"PK-MOB-013","Xiaomi 14 Ultra 16GB 512GB Leica Edition Black","Mobile Phones","Retailer hotlink blocking: Cloudflare TLS handshake rejection (SEC_E_ILLEGAL_MESSAGE 0x80090326)"
"PK-MOB-014","Xiaomi 14 12GB 512GB Jade Green","Mobile Phones","Retailer hotlink blocking: Cloudflare TLS handshake rejection (SEC_E_ILLEGAL_MESSAGE 0x80090326)"
"PK-MOB-015","Xiaomi 13T 12GB 256GB Alpine Blue","Mobile Phones","Retailer hotlink blocking: Cloudflare TLS handshake rejection (SEC_E_ILLEGAL_MESSAGE 0x80090326)"
"PK-MOB-016","Xiaomi Redmi Note 13 Pro Plus 5G 12GB 512GB Midnight Black","Mobile Phones","Retailer hotlink blocking: Cloudflare TLS handshake rejection (SEC_E_ILLEGAL_MESSAGE 0x80090326)"
"PK-MOB-017","Xiaomi Redmi Note 13 Pro 8GB 256GB Forest Green","Mobile Phones","Retailer hotlink blocking: Cloudflare TLS handshake rejection (SEC_E_ILLEGAL_MESSAGE 0x80090326)"
"PK-MOB-018","Xiaomi Redmi Note 13 8GB 256GB Mint Green","Mobile Phones","Retailer hotlink blocking: Cloudflare TLS handshake rejection (SEC_E_ILLEGAL_MESSAGE 0x80090326)"
"PK-MOB-019","Xiaomi Redmi 13 8GB 128GB Ocean Blue","Mobile Phones","Retailer hotlink blocking: Cloudflare TLS handshake rejection (SEC_E_ILLEGAL_MESSAGE 0x80090326)"
"PK-MOB-020","Xiaomi Redmi 13C 6GB 128GB Clover Green","Mobile Phones","Retailer hotlink blocking: Cloudflare TLS handshake rejection (SEC_E_ILLEGAL_MESSAGE 0x80090326)"
"PK-MOB-021","Infinix Note 40 Pro 8GB 256GB Vintage Green","Mobile Phones","Retailer hotlink blocking: Cloudflare TLS handshake rejection (SEC_E_ILLEGAL_MESSAGE 0x80090326)"
"PK-MOB-022","Infinix Note 40 8GB 256GB Titan Gold","Mobile Phones","Retailer hotlink blocking: Cloudflare TLS handshake rejection (SEC_E_ILLEGAL_MESSAGE 0x80090326)"
"PK-MOB-023","Infinix Hot 40 Pro 8GB 256GB Horizon Gold","Mobile Phones","Retailer hotlink blocking: Cloudflare TLS handshake rejection (SEC_E_ILLEGAL_MESSAGE 0x80090326)"
"PK-MOB-024","Infinix Hot 40i 8GB 128GB Starlit Black","Mobile Phones","Retailer hotlink blocking: Cloudflare TLS handshake rejection (SEC_E_ILLEGAL_MESSAGE 0x80090326)"
"PK-MOB-025","Infinix Smart 8 Pro 4GB 64GB Shiny Gold","Mobile Phones","Retailer hotlink blocking: Cloudflare TLS handshake rejection (SEC_E_ILLEGAL_MESSAGE 0x80090326)"
"PK-MOB-026","Infinix Smart 8 4GB 64GB Timber Black","Mobile Phones","Retailer hotlink blocking: Cloudflare TLS handshake rejection (SEC_E_ILLEGAL_MESSAGE 0x80090326)"
"PK-MOB-027","Tecno Camon 30 Pro 5G 12GB 512GB Alps Snowy Silver","Mobile Phones","Retailer hotlink blocking: Cloudflare TLS handshake rejection (SEC_E_ILLEGAL_MESSAGE 0x80090326)"
"PK-MOB-028","Tecno Camon 30 8GB 256GB Iceland Basaltic Dark","Mobile Phones","Retailer hotlink blocking: Cloudflare TLS handshake rejection (SEC_E_ILLEGAL_MESSAGE 0x80090326)"
"PK-MOB-029","Tecno Spark 20 Pro Plus 8GB 256GB Temporal Orbits","Mobile Phones","Retailer hotlink blocking: Cloudflare TLS handshake rejection (SEC_E_ILLEGAL_MESSAGE 0x80090326)"
"PK-MOB-030","Tecno Spark 20 Pro 8GB 256GB Frosty Ivory","Mobile Phones","Retailer hotlink blocking: Cloudflare TLS handshake rejection (SEC_E_ILLEGAL_MESSAGE 0x80090326)"
"PK-MOB-031","Tecno Spark 20 8GB 128GB Gravity Black","Mobile Phones","Retailer hotlink blocking: Cloudflare TLS handshake rejection (SEC_E_ILLEGAL_MESSAGE 0x80090326)"
"PK-MOB-032","Tecno Pop 8 4GB 64GB Mystery White","Mobile Phones","Retailer hotlink blocking: Cloudflare TLS handshake rejection (SEC_E_ILLEGAL_MESSAGE 0x80090326)"
"PK-MOB-033","Vivo V30 5G 12GB 256GB Waving Aqua","Mobile Phones","Retailer hotlink blocking: Cloudflare TLS handshake rejection (SEC_E_ILLEGAL_MESSAGE 0x80090326)"
"PK-MOB-034","Vivo V30e 8GB 256GB Coco Brown","Mobile Phones","Retailer hotlink blocking: Cloudflare TLS handshake rejection (SEC_E_ILLEGAL_MESSAGE 0x80090326)"
"PK-MOB-035","Vivo Y200 8GB 256GB Desert Gold","Mobile Phones","Retailer hotlink blocking: Cloudflare TLS handshake rejection (SEC_E_ILLEGAL_MESSAGE 0x80090326)"
"PK-MOB-036","Vivo Y28 8GB 128GB Agate Green","Mobile Phones","Retailer hotlink blocking: Cloudflare TLS handshake rejection (SEC_E_ILLEGAL_MESSAGE 0x80090326)"
"PK-MOB-037","Vivo Y17s 6GB 128GB Forest Green","Mobile Phones","Retailer hotlink blocking: Cloudflare TLS handshake rejection (SEC_E_ILLEGAL_MESSAGE 0x80090326)"
"PK-MOB-038","Vivo Y03 4GB 64GB Gem Green","Mobile Phones","Retailer hotlink blocking: Cloudflare TLS handshake rejection (SEC_E_ILLEGAL_MESSAGE 0x80090326)"
"PK-MOB-039","Realme 12 Pro Plus 5G 12GB 512GB Submarine Blue","Mobile Phones","Retailer hotlink blocking: Cloudflare TLS handshake rejection (SEC_E_ILLEGAL_MESSAGE 0x80090326)"
"PK-MOB-040","Realme C67 8GB 128GB Sunny Oasis","Mobile Phones","Retailer hotlink blocking: Cloudflare TLS handshake rejection (SEC_E_ILLEGAL_MESSAGE 0x80090326)"
"PK-MOB-041","Realme C53 6GB 128GB Champion Gold","Mobile Phones","Retailer hotlink blocking: Cloudflare TLS handshake rejection (SEC_E_ILLEGAL_MESSAGE 0x80090326)"
"PK-MOB-042","Realme Note 50 4GB 64GB Sky Blue","Mobile Phones","Retailer hotlink blocking: Cloudflare TLS handshake rejection (SEC_E_ILLEGAL_MESSAGE 0x80090326)"
"PK-MOB-043","Oppo Reno 11 5G 12GB 256GB Wave Green","Mobile Phones","Retailer hotlink blocking: Cloudflare TLS handshake rejection (SEC_E_ILLEGAL_MESSAGE 0x80090326)"
"PK-MOB-044","Oppo Reno 11F 5G 8GB 256GB Ocean Blue","Mobile Phones","Retailer hotlink blocking: Cloudflare TLS handshake rejection (SEC_E_ILLEGAL_MESSAGE 0x80090326)"
"PK-MOB-045","Oppo A78 8GB 256GB Aqua Green","Mobile Phones","Retailer hotlink blocking: Cloudflare TLS handshake rejection (SEC_E_ILLEGAL_MESSAGE 0x80090326)"
"PK-MOB-046","Oppo A58 8GB 128GB Glowing Black","Mobile Phones","Retailer hotlink blocking: Cloudflare TLS handshake rejection (SEC_E_ILLEGAL_MESSAGE 0x80090326)"
"PK-MOB-047","Oppo A38 4GB 128GB Glowing Gold","Mobile Phones","Retailer hotlink blocking: Cloudflare TLS handshake rejection (SEC_E_ILLEGAL_MESSAGE 0x80090326)"
"PK-MOB-048","Oppo A18 4GB 128GB Glowing Blue","Mobile Phones","Retailer hotlink blocking: Cloudflare TLS handshake rejection (SEC_E_ILLEGAL_MESSAGE 0x80090326)"
"PK-MOB-049","OnePlus 12 16GB 512GB Flowy Emerald","Mobile Phones","Retailer hotlink blocking: Cloudflare TLS handshake rejection (SEC_E_ILLEGAL_MESSAGE 0x80090326)"
"PK-MOB-050","OnePlus Nord CE 4 8GB 256GB Celadon Marble","Mobile Phones","Retailer hotlink blocking: Cloudflare TLS handshake rejection (SEC_E_ILLEGAL_MESSAGE 0x80090326)"
"PK-MOB-051","Nothing Phone (2) 12GB 256GB Dark Grey","Mobile Phones","Retailer hotlink blocking: Cloudflare TLS handshake rejection (SEC_E_ILLEGAL_MESSAGE 0x80090326)"
"PK-MOB-052","Nothing Phone (2a) 12GB 256GB Black","Mobile Phones","Retailer hotlink blocking: Cloudflare TLS handshake rejection (SEC_E_ILLEGAL_MESSAGE 0x80090326)"
"PK-LAP-006","Dell XPS 15 9530 13th Gen Core i7-13700H 16GB 1TB RTX 4050","Laptops & Computers","Invalid generated URL: retailer returned 404 Not Found"
"PK-LAP-007","Dell Inspiron 15 3520 Intel Core i5-1235U 8GB 512GB SSD Carbon Black","Laptops & Computers","Invalid generated URL: retailer returned 404 Not Found"
"PK-LAP-008","Dell Inspiron 15 3530 13th Gen Core i7-1355U 16GB 512GB SSD Silver","Laptops & Computers","Invalid generated URL: retailer returned 404 Not Found"
"PK-LAP-009","Dell G15 5530 Gaming Laptop 13th Gen Core i7-13650HX 16GB 512GB RTX 4060","Laptops & Computers","Invalid generated URL: retailer returned 404 Not Found"
"PK-LAP-010","HP Spectre x360 14 2-in-1 Intel Core Ultra 7 155H 16GB 1TB OLED Touch","Laptops & Computers","Invalid generated URL: retailer returned 404 Not Found"
"PK-LAP-011","HP Envy x360 15 13th Gen Core i7-1355U 16GB 512GB SSD Touch Natural Silver","Laptops & Computers","Invalid generated URL: retailer returned 404 Not Found"
"PK-LAP-012","HP Pavilion 15 13th Gen Core i5-1335U 8GB 512GB SSD Natural Silver","Laptops & Computers","Invalid generated URL: retailer returned 404 Not Found"
"PK-LAP-013","HP Victus 15 Gaming Laptop 13th Gen Core i5-13420H 16GB 512GB RTX 3050","Laptops & Computers","Invalid generated URL: retailer returned 404 Not Found"
"PK-LAP-014","HP Victus 16 Gaming Laptop AMD Ryzen 7 7840HS 16GB 512GB RTX 4060","Laptops & Computers","Invalid generated URL: retailer returned 404 Not Found"
"PK-LAP-015","HP 250 G9 Business Laptop Intel Core i3-1215U 8GB 256GB SSD Dark Ash Silver","Laptops & Computers","Invalid generated URL: retailer returned 404 Not Found"
"PK-LAP-016","Lenovo ThinkPad E14 Gen 5 13th Gen Core i7-1355U 16GB 512GB SSD Black","Laptops & Computers","Invalid generated URL: retailer returned 404 Not Found"
"PK-LAP-017","Lenovo IdeaPad Slim 3 15 13th Gen Core i5-13420H 8GB 512GB SSD Arctic Grey","Laptops & Computers","Invalid generated URL: retailer returned 404 Not Found"
"PK-LAP-018","Lenovo LOQ 15 Gaming Laptop 13th Gen Core i7-13650HX 16GB 512GB RTX 4060","Laptops & Computers","Invalid generated URL: retailer returned 404 Not Found"
"PK-LAP-019","Lenovo Legion Pro 5 16 14th Gen Core i9-14900HX 32GB 1TB RTX 4070 Onyx Grey","Laptops & Computers","Invalid generated URL: retailer returned 404 Not Found"
"PK-LAP-020","Asus ZenBook 14 OLED Intel Core Ultra 7 155H 16GB 1TB SSD Ponder Blue","Laptops & Computers","Invalid generated URL: retailer returned 404 Not Found"
"PK-LAP-021","Asus TUF Gaming A15 AMD Ryzen 7 7735HS 16GB 512GB RTX 4060 Mecha Gray","Laptops & Computers","Invalid generated URL: retailer returned 404 Not Found"
"PK-LAP-022","Asus ROG Zephyrus G16 Intel Core Ultra 9 185H 32GB 1TB RTX 4080 OLED Eclipse Gray","Laptops & Computers","Invalid generated URL: retailer returned 404 Not Found"
"PK-LAP-023","Acer Aspire 5 15 13th Gen Core i5-1335U 8GB 512GB SSD Steel Gray","Laptops & Computers","Invalid generated URL: retailer returned 404 Not Found"
"PK-LAP-024","Acer Nitro V 15 Gaming Laptop 13th Gen Core i5-13420H 16GB 512GB RTX 4050","Laptops & Computers","Invalid generated URL: retailer returned 404 Not Found"
"PK-LAP-025","MSI Thin 15 Gaming Laptop 12th Gen Core i5-12450H 16GB 512GB RTX 3050","Laptops & Computers","Invalid generated URL: retailer returned 404 Not Found"
"PK-LAP-026","HP All-In-One 24 Intel Core i5-1335U 8GB 512GB 23.8 FHD Touch White","Laptops & Computers","Invalid generated URL: retailer returned 404 Not Found"
"PK-LAP-027","Dell OptiPlex 7010 Micro Desktop Intel Core i5-13500T 16GB 512GB SSD","Laptops & Computers","Invalid generated URL: retailer returned 404 Not Found"
"PK-LAP-028","Custom Gaming Desktop PC Intel Core i7-14700F RTX 4070 12GB 32GB 1TB NVMe","Laptops & Computers","Invalid generated URL: retailer returned 404 Not Found"
"PK-LAP-029","Custom Office Desktop PC Intel Core i5-12400 16GB RAM 512GB SSD 500W PSU","Laptops & Computers","Invalid generated URL: retailer returned 404 Not Found"
"PK-LAP-030","Apple Mac Mini M2 Chip 8GB Unified Memory 256GB SSD Silver","Laptops & Computers","Invalid generated URL: retailer returned 404 Not Found"
"PK-LAP-031","Lenovo ThinkPad T14 Gen 4 Core i5-1335U 16GB 512GB SSD Thunder Black","Laptops & Computers","Invalid generated URL: retailer returned 404 Not Found"
"PK-LAP-032","Dell Latitude 5440 Core i5-1335U 16GB 512GB SSD Windows 11 Pro","Laptops & Computers","Invalid generated URL: retailer returned 404 Not Found"
"PK-LAP-033","HP EliteBook 840 G10 Core i7-1355U 16GB 512GB SSD Silver","Laptops & Computers","Invalid generated URL: retailer returned 404 Not Found"
"PK-LAP-034","Asus VivoBook 15 Core i5-1335U 8GB 512GB SSD Quiet Blue","Laptops & Computers","Invalid generated URL: retailer returned 404 Not Found"
"PK-LAP-035","Asus VivoBook 16 Core i7-1355U 16GB 512GB SSD Indie Black","Laptops & Computers","Invalid generated URL: retailer returned 404 Not Found"
"PK-LAP-036","MSI Katana 15 Gaming Laptop 13th Gen Core i7-13620H 16GB 1TB RTX 4060","Laptops & Computers","Invalid generated URL: retailer returned 404 Not Found"
"PK-LAP-037","MSI Modern 14 Core i3-1215U 8GB 512GB SSD Classic Black","Laptops & Computers","Invalid generated URL: retailer returned 404 Not Found"
"PK-LAP-038","MSI Modern 15 Core i5-1335U 16GB 512GB SSD Urban Silver","Laptops & Computers","Invalid generated URL: retailer returned 404 Not Found"
"PK-LAP-039","Lenovo IdeaPad 1 15 AMD Ryzen 5 7520U 8GB 512GB SSD Cloud Grey","Laptops & Computers","Invalid generated URL: retailer returned 404 Not Found"
"PK-LAP-040","HP Omen 16 Gaming Laptop 13th Gen Core i7-13700HX 16GB 1TB RTX 4070 Shadow Black","Laptops & Computers","Invalid generated URL: retailer returned 404 Not Found"
"PK-LAP-041","Dell Vostro 3520 Core i3-1215U 8GB 256GB SSD Carbon Black","Laptops & Computers","Invalid generated URL: retailer returned 404 Not Found"
"PK-LAP-042","Acer Swift Go 14 OLED Intel Core Ultra 7 155H 16GB 1TB SSD Pure Silver","Laptops & Computers","Invalid generated URL: retailer returned 404 Not Found"
"PK-LAP-043","Lenovo ThinkPad E16 Gen 1 Core i5-1335U 16GB 512GB SSD Black","Laptops & Computers","Invalid generated URL: retailer returned 404 Not Found"
"PK-LAP-044","Asus Vivobook Go 15 AMD Ryzen 5 7520U 8GB 512GB SSD Cool Silver","Laptops & Computers","Invalid generated URL: retailer returned 404 Not Found"
"PK-LAP-045","Dell Inspiron 14 5430 13th Gen Core i7-1360P 16GB 1TB SSD Platinum Silver","Laptops & Computers","Invalid generated URL: retailer returned 404 Not Found"
"PK-LAP-046","HP ProBook 450 G10 Core i5-1335U 16GB 512GB SSD Pike Silver","Laptops & Computers","Invalid generated URL: retailer returned 404 Not Found"
"PK-LAP-047","Lenovo IdeaPad Gaming 3 15 AMD Ryzen 5 7535HS 16GB 512GB RTX 2050","Laptops & Computers","Invalid generated URL: retailer returned 404 Not Found"
"PK-LAP-048","Asus TUF Gaming F15 13th Gen Core i7-13620H 16GB 1TB RTX 4070 Jaeger Gray","Laptops & Computers","Invalid generated URL: retailer returned 404 Not Found"
"PK-LAP-049","MSI Cyborg 15 13th Gen Core i7-13620H 16GB 512GB RTX 4050 Translucent Black","Laptops & Computers","Invalid generated URL: retailer returned 404 Not Found"
"PK-LAP-050","Apple iMac 24 M3 Chip 8-Core CPU 8-Core GPU 8GB 256GB Blue","Laptops & Computers","Invalid generated URL: retailer returned 404 Not Found"
"PK-LAP-051","Dell Inspiron 16 5630 13th Gen Core i7-1360P 16GB 1TB SSD Platinum Silver","Laptops & Computers","Invalid generated URL: retailer returned 404 Not Found"
"PK-LAP-052","HP Pavilion Plus 14 OLED 13th Gen Core i7-13700H 16GB 1TB SSD Warm Gold","Laptops & Computers","Invalid generated URL: retailer returned 404 Not Found"
"PK-ACC-004","Anker 735 GaNPrime 65W 3-Port Wall Charger Black","Mobile Accessories","Retailer hotlink blocking: Cloudflare TLS handshake rejection (SEC_E_ILLEGAL_MESSAGE 0x80090326)"
"PK-ACC-005","Anker Soundcore Space One Active Noise Cancelling Headphones Jet Black","Mobile Accessories","Retailer hotlink blocking: Cloudflare TLS handshake rejection (SEC_E_ILLEGAL_MESSAGE 0x80090326)"
"PK-ACC-006","Anker Soundcore Life P20i True Wireless Earbuds Black","Mobile Accessories","Retailer hotlink blocking: Cloudflare TLS handshake rejection (SEC_E_ILLEGAL_MESSAGE 0x80090326)"
"PK-ACC-007","Ronin R-970 TWS Wireless Gaming Earbuds with Low Latency Black","Mobile Accessories","Retailer hotlink blocking: Cloudflare TLS handshake rejection (SEC_E_ILLEGAL_MESSAGE 0x80090326)"
"PK-ACC-008","Ronin R-9 Crystal Clear Wireless Earbuds White","Mobile Accessories","Retailer hotlink blocking: Cloudflare TLS handshake rejection (SEC_E_ILLEGAL_MESSAGE 0x80090326)"
"PK-ACC-009","Ronin R-740 20000mAh 22.5W Fast Charging Power Bank Metallic Grey","Mobile Accessories","Retailer hotlink blocking: Cloudflare TLS handshake rejection (SEC_E_ILLEGAL_MESSAGE 0x80090326)"
"PK-ACC-010","Audionic Airbud 550 Slide Wireless Earbuds Black","Mobile Accessories","Retailer hotlink blocking: Cloudflare TLS handshake rejection (SEC_E_ILLEGAL_MESSAGE 0x80090326)"
"PK-ACC-011","Audionic Airbud 425 Quad Mic TWS Earbuds White","Mobile Accessories","Retailer hotlink blocking: Cloudflare TLS handshake rejection (SEC_E_ILLEGAL_MESSAGE 0x80090326)"
"PK-ACC-012","Audionic Signature S-75 Wireless Neckband Earphones Red","Mobile Accessories","Retailer hotlink blocking: Cloudflare TLS handshake rejection (SEC_E_ILLEGAL_MESSAGE 0x80090326)"
"PK-ACC-013","Samsung 25W USB-C Super Fast Wall Charger White","Mobile Accessories","Retailer hotlink blocking: Cloudflare TLS handshake rejection (SEC_E_ILLEGAL_MESSAGE 0x80090326)"
"PK-ACC-014","Samsung 45W Power Adapter with 5A Type-C Cable Black","Mobile Accessories","Retailer hotlink blocking: Cloudflare TLS handshake rejection (SEC_E_ILLEGAL_MESSAGE 0x80090326)"
"PK-ACC-015","Apple 20W USB-C Power Adapter White","Mobile Accessories","Retailer hotlink blocking: Cloudflare TLS handshake rejection (SEC_E_ILLEGAL_MESSAGE 0x80090326)"
"PK-ACC-016","Apple MagSafe Wireless Charger 15W Silver","Mobile Accessories","Retailer hotlink blocking: Cloudflare TLS handshake rejection (SEC_E_ILLEGAL_MESSAGE 0x80090326)"
"PK-ACC-017","Xiaomi 33W Power Bank 10000mAh Pocket Edition Pro White","Mobile Accessories","Retailer hotlink blocking: Cloudflare TLS handshake rejection (SEC_E_ILLEGAL_MESSAGE 0x80090326)"
"PK-ACC-018","Xiaomi Redmi Buds 5 Pro Active Noise Cancelling Earbuds Midnight Black","Mobile Accessories","Retailer hotlink blocking: Cloudflare TLS handshake rejection (SEC_E_ILLEGAL_MESSAGE 0x80090326)"
"PK-ACC-019","Baseus Blade 100W Ultra-Thin Power Bank 20000mAh Black","Mobile Accessories","Retailer hotlink blocking: Cloudflare TLS handshake rejection (SEC_E_ILLEGAL_MESSAGE 0x80090326)"
"PK-ACC-0020","Joyroom JR-T03S Pro ANC True Wireless Earbuds White","Mobile Accessories","Retailer hotlink blocking: Cloudflare TLS handshake rejection (SEC_E_ILLEGAL_MESSAGE 0x80090326)"
"PK-ACC-021","Ugreen 100W Nexode 4-Port GaN Desktop Charger Space Grey","Mobile Accessories","Retailer hotlink blocking: Cloudflare TLS handshake rejection (SEC_E_ILLEGAL_MESSAGE 0x80090326)"
"PK-ACC-022","Ugreen 100W Braided USB-C to USB-C Fast Charging Cable 2m Black","Mobile Accessories","Retailer hotlink blocking: Cloudflare TLS handshake rejection (SEC_E_ILLEGAL_MESSAGE 0x80090326)"
"PK-ACC-023","Spigen Rugged Armor Case for iPhone 15 Pro Max Matte Black","Mobile Accessories","Retailer hotlink blocking: Cloudflare TLS handshake rejection (SEC_E_ILLEGAL_MESSAGE 0x80090326)"
"PK-ACC-024","Spigen Tough Armor Case for Samsung Galaxy S24 Ultra Gunmetal","Mobile Accessories","Retailer hotlink blocking: Cloudflare TLS handshake rejection (SEC_E_ILLEGAL_MESSAGE 0x80090326)"
"PK-ACC-025","Soundpeats Engine 4 Wireless Hi-Res Earbuds Brown","Mobile Accessories","Retailer hotlink blocking: Cloudflare TLS handshake rejection (SEC_E_ILLEGAL_MESSAGE 0x80090326)"
"PK-ACC-026","QCY T13 ANC True Wireless Earbuds Active Noise Cancellation White","Mobile Accessories","Retailer hotlink blocking: Cloudflare TLS handshake rejection (SEC_E_ILLEGAL_MESSAGE 0x80090326)"
"PK-ACC-027","Remax RPP-20 15000mAh Multi-function Fast Charging Power Bank with Built-in Cables","Mobile Accessories","Retailer hotlink blocking: Cloudflare TLS handshake rejection (SEC_E_ILLEGAL_MESSAGE 0x80090326)"
"PK-ACC-028","Faster TG200 Wireless Bluetooth Neckband Earphones Black","Mobile Accessories","Retailer hotlink blocking: Cloudflare TLS handshake rejection (SEC_E_ILLEGAL_MESSAGE 0x80090326)"
"PK-ACC-029","Faster 20W PD Fast Charger Adapter White","Mobile Accessories","Retailer hotlink blocking: Cloudflare TLS handshake rejection (SEC_E_ILLEGAL_MESSAGE 0x80090326)"
"PK-ACC-030","Baseus 65W GaN5 Pro Ultra-Slim Fast Wall Charger Black","Mobile Accessories","Retailer hotlink blocking: Cloudflare TLS handshake rejection (SEC_E_ILLEGAL_MESSAGE 0x80090326)"
"PK-ACC-031","Ronin Premium Mobile Essential Pro #31","Mobile Accessories","Retailer hotlink blocking: Cloudflare TLS handshake rejection (SEC_E_ILLEGAL_MESSAGE 0x80090326)"
"PK-ACC-032","Audionic Premium Mobile Essential Pro #32","Mobile Accessories","Retailer hotlink blocking: Cloudflare TLS handshake rejection (SEC_E_ILLEGAL_MESSAGE 0x80090326)"
"PK-ACC-033","Anker Premium Mobile Essential Pro #33","Mobile Accessories","Retailer hotlink blocking: Cloudflare TLS handshake rejection (SEC_E_ILLEGAL_MESSAGE 0x80090326)"
"PK-ACC-034","Ronin Premium Mobile Essential Pro #34","Mobile Accessories","Retailer hotlink blocking: Cloudflare TLS handshake rejection (SEC_E_ILLEGAL_MESSAGE 0x80090326)"
"PK-ACC-035","Audionic Premium Mobile Essential Pro #35","Mobile Accessories","Retailer hotlink blocking: Cloudflare TLS handshake rejection (SEC_E_ILLEGAL_MESSAGE 0x80090326)"
"PK-ACC-036","Anker Premium Mobile Essential Pro #36","Mobile Accessories","Retailer hotlink blocking: Cloudflare TLS handshake rejection (SEC_E_ILLEGAL_MESSAGE 0x80090326)"
"PK-ACC-037","Ronin Premium Mobile Essential Pro #37","Mobile Accessories","Retailer hotlink blocking: Cloudflare TLS handshake rejection (SEC_E_ILLEGAL_MESSAGE 0x80090326)"
"PK-ACC-038","Audionic Premium Mobile Essential Pro #38","Mobile Accessories","Retailer hotlink blocking: Cloudflare TLS handshake rejection (SEC_E_ILLEGAL_MESSAGE 0x80090326)"
"PK-ACC-039","Anker Premium Mobile Essential Pro #39","Mobile Accessories","Retailer hotlink blocking: Cloudflare TLS handshake rejection (SEC_E_ILLEGAL_MESSAGE 0x80090326)"
"PK-ACC-040","Ronin Premium Mobile Essential Pro #40","Mobile Accessories","Retailer hotlink blocking: Cloudflare TLS handshake rejection (SEC_E_ILLEGAL_MESSAGE 0x80090326)"
"PK-ACC-041","Audionic Premium Mobile Essential Pro #41","Mobile Accessories","Retailer hotlink blocking: Cloudflare TLS handshake rejection (SEC_E_ILLEGAL_MESSAGE 0x80090326)"
"PK-ACC-042","Anker Premium Mobile Essential Pro #42","Mobile Accessories","Retailer hotlink blocking: Cloudflare TLS handshake rejection (SEC_E_ILLEGAL_MESSAGE 0x80090326)"
"PK-ACC-043","Ronin Premium Mobile Essential Pro #43","Mobile Accessories","Retailer hotlink blocking: Cloudflare TLS handshake rejection (SEC_E_ILLEGAL_MESSAGE 0x80090326)"
"PK-ACC-044","Audionic Premium Mobile Essential Pro #44","Mobile Accessories","Retailer hotlink blocking: Cloudflare TLS handshake rejection (SEC_E_ILLEGAL_MESSAGE 0x80090326)"
"PK-ACC-045","Anker Premium Mobile Essential Pro #45","Mobile Accessories","Retailer hotlink blocking: Cloudflare TLS handshake rejection (SEC_E_ILLEGAL_MESSAGE 0x80090326)"
"PK-ACC-046","Ronin Premium Mobile Essential Pro #46","Mobile Accessories","Retailer hotlink blocking: Cloudflare TLS handshake rejection (SEC_E_ILLEGAL_MESSAGE 0x80090326)"
"PK-ACC-047","Audionic Premium Mobile Essential Pro #47","Mobile Accessories","Retailer hotlink blocking: Cloudflare TLS handshake rejection (SEC_E_ILLEGAL_MESSAGE 0x80090326)"
"PK-ACC-048","Anker Premium Mobile Essential Pro #48","Mobile Accessories","Retailer hotlink blocking: Cloudflare TLS handshake rejection (SEC_E_ILLEGAL_MESSAGE 0x80090326)"
"PK-ACC-049","Ronin Premium Mobile Essential Pro #49","Mobile Accessories","Retailer hotlink blocking: Cloudflare TLS handshake rejection (SEC_E_ILLEGAL_MESSAGE 0x80090326)"
"PK-ACC-050","Audionic Premium Mobile Essential Pro #50","Mobile Accessories","Retailer hotlink blocking: Cloudflare TLS handshake rejection (SEC_E_ILLEGAL_MESSAGE 0x80090326)"
"PK-ACC-051","Anker Premium Mobile Essential Pro #51","Mobile Accessories","Retailer hotlink blocking: Cloudflare TLS handshake rejection (SEC_E_ILLEGAL_MESSAGE 0x80090326)"
"PK-ACC-052","Ronin Premium Mobile Essential Pro #52","Mobile Accessories","Retailer hotlink blocking: Cloudflare TLS handshake rejection (SEC_E_ILLEGAL_MESSAGE 0x80090326)"
"PK-CMP-004","Logitech G304 Lightspeed Wireless Gaming Mouse Black","Computer Accessories","Invalid generated URL: retailer returned 404 Not Found"
"PK-CMP-005","Logitech C920 HD Pro Webcam 1080p with Stereo Audio","Computer Accessories","Invalid generated URL: retailer returned 404 Not Found"
"PK-CMP-006","Razer DeathAdder V3 Pro Wireless Gaming Mouse Ultra-Lightweight White","Computer Accessories","Invalid generated URL: retailer returned 404 Not Found"
"PK-CMP-007","Razer BlackWidow V4 Pro Mechanical Gaming Keyboard Green Switches","Computer Accessories","Invalid generated URL: retailer returned 404 Not Found"
"PK-CMP-008","Keychron K2 Wireless Mechanical Keyboard Hot-Swappable Gateron Brown","Computer Accessories","Invalid generated URL: retailer returned 404 Not Found"
"PK-CMP-009","Redragon K552 Kumara RGB Mechanical Gaming Keyboard Blue Switches","Computer Accessories","Invalid generated URL: retailer returned 404 Not Found"
"PK-CMP-010","Redragon M601 Centrophorus RGB Gaming Mouse 7200 DPI","Computer Accessories","Invalid generated URL: retailer returned 404 Not Found"
"PK-CMP-011","HyperX Cloud II Gaming Headset 7.1 Virtual Surround Sound Gunmetal","Computer Accessories","Invalid generated URL: retailer returned 404 Not Found"
"PK-CMP-012","Dell UltraSharp 27 4K USB-C Hub Monitor U2723QE IPS Black","Computer Accessories","Invalid generated URL: retailer returned 404 Not Found"
"PK-CMP-013","Samsung Odyssey G5 27 QHD 144Hz 1ms Curved Gaming Monitor","Computer Accessories","Invalid generated URL: retailer returned 404 Not Found"
"PK-CMP-014","TP-Link Archer AX55 AX3000 Dual Band Gigabit Wi-Fi 6 Router","Computer Accessories","Invalid generated URL: retailer returned 404 Not Found"
"PK-CMP-015","SanDisk Extreme Portable SSD 1TB USB 3.2 Gen 2 Type-C","Computer Accessories","Invalid generated URL: retailer returned 404 Not Found"
"PK-CMP-016","Kingston NV2 1TB M.2 2280 PCIe 4.0 NVMe Internal SSD","Computer Accessories","Invalid generated URL: retailer returned 404 Not Found"
"PK-CMP-017","Razer Computer Accessory Hardware Pro #17","Computer Accessories","Invalid generated URL: retailer returned 404 Not Found"
"PK-CMP-018","Redragon Computer Accessory Hardware Pro #18","Computer Accessories","Invalid generated URL: retailer returned 404 Not Found"
"PK-CMP-019","TP-Link Computer Accessory Hardware Pro #19","Computer Accessories","Invalid generated URL: retailer returned 404 Not Found"
"PK-CMP-020","Logitech Computer Accessory Hardware Pro #20","Computer Accessories","Invalid generated URL: retailer returned 404 Not Found"
"PK-CMP-021","Razer Computer Accessory Hardware Pro #21","Computer Accessories","Invalid generated URL: retailer returned 404 Not Found"
"PK-CMP-022","Redragon Computer Accessory Hardware Pro #22","Computer Accessories","Invalid generated URL: retailer returned 404 Not Found"
"PK-CMP-023","TP-Link Computer Accessory Hardware Pro #23","Computer Accessories","Invalid generated URL: retailer returned 404 Not Found"
"PK-CMP-024","Logitech Computer Accessory Hardware Pro #24","Computer Accessories","Invalid generated URL: retailer returned 404 Not Found"
"PK-CMP-025","Razer Computer Accessory Hardware Pro #25","Computer Accessories","Invalid generated URL: retailer returned 404 Not Found"
"PK-CMP-026","Redragon Computer Accessory Hardware Pro #26","Computer Accessories","Invalid generated URL: retailer returned 404 Not Found"
"PK-CMP-027","TP-Link Computer Accessory Hardware Pro #27","Computer Accessories","Invalid generated URL: retailer returned 404 Not Found"
"PK-CMP-028","Logitech Computer Accessory Hardware Pro #28","Computer Accessories","Invalid generated URL: retailer returned 404 Not Found"
"PK-CMP-029","Razer Computer Accessory Hardware Pro #29","Computer Accessories","Invalid generated URL: retailer returned 404 Not Found"
"PK-CMP-030","Redragon Computer Accessory Hardware Pro #30","Computer Accessories","Invalid generated URL: retailer returned 404 Not Found"
"PK-CMP-031","TP-Link Computer Accessory Hardware Pro #31","Computer Accessories","Invalid generated URL: retailer returned 404 Not Found"
"PK-CMP-032","Logitech Computer Accessory Hardware Pro #32","Computer Accessories","Invalid generated URL: retailer returned 404 Not Found"
"PK-CMP-033","Razer Computer Accessory Hardware Pro #33","Computer Accessories","Invalid generated URL: retailer returned 404 Not Found"
"PK-CMP-034","Redragon Computer Accessory Hardware Pro #34","Computer Accessories","Invalid generated URL: retailer returned 404 Not Found"
"PK-CMP-035","TP-Link Computer Accessory Hardware Pro #35","Computer Accessories","Invalid generated URL: retailer returned 404 Not Found"
"PK-CMP-036","Logitech Computer Accessory Hardware Pro #36","Computer Accessories","Invalid generated URL: retailer returned 404 Not Found"
"PK-CMP-037","Razer Computer Accessory Hardware Pro #37","Computer Accessories","Invalid generated URL: retailer returned 404 Not Found"
"PK-CMP-038","Redragon Computer Accessory Hardware Pro #38","Computer Accessories","Invalid generated URL: retailer returned 404 Not Found"
"PK-CMP-039","TP-Link Computer Accessory Hardware Pro #39","Computer Accessories","Invalid generated URL: retailer returned 404 Not Found"
"PK-CMP-040","Logitech Computer Accessory Hardware Pro #40","Computer Accessories","Invalid generated URL: retailer returned 404 Not Found"
"PK-CMP-041","Razer Computer Accessory Hardware Pro #41","Computer Accessories","Invalid generated URL: retailer returned 404 Not Found"
"PK-CMP-042","Redragon Computer Accessory Hardware Pro #42","Computer Accessories","Invalid generated URL: retailer returned 404 Not Found"
"PK-CMP-043","TP-Link Computer Accessory Hardware Pro #43","Computer Accessories","Invalid generated URL: retailer returned 404 Not Found"
"PK-CMP-044","Logitech Computer Accessory Hardware Pro #44","Computer Accessories","Invalid generated URL: retailer returned 404 Not Found"
"PK-CMP-045","Razer Computer Accessory Hardware Pro #45","Computer Accessories","Invalid generated URL: retailer returned 404 Not Found"
"PK-CMP-046","Redragon Computer Accessory Hardware Pro #46","Computer Accessories","Invalid generated URL: retailer returned 404 Not Found"
"PK-CMP-047","TP-Link Computer Accessory Hardware Pro #47","Computer Accessories","Invalid generated URL: retailer returned 404 Not Found"
"PK-CMP-048","Logitech Computer Accessory Hardware Pro #48","Computer Accessories","Invalid generated URL: retailer returned 404 Not Found"
"PK-CMP-049","Razer Computer Accessory Hardware Pro #49","Computer Accessories","Invalid generated URL: retailer returned 404 Not Found"
"PK-CMP-050","Redragon Computer Accessory Hardware Pro #50","Computer Accessories","Invalid generated URL: retailer returned 404 Not Found"
"PK-CMP-051","TP-Link Computer Accessory Hardware Pro #51","Computer Accessories","Invalid generated URL: retailer returned 404 Not Found"
"PK-CMP-052","Logitech Computer Accessory Hardware Pro #52","Computer Accessories","Invalid generated URL: retailer returned 404 Not Found"
"PK-ENT-004","Sony BRAVIA 55 Inch X80L 4K HDR Google TV Triluminos Pro","TVs & Entertainment","Retailer hotlink blocking: Cloudflare TLS handshake rejection (SEC_E_ILLEGAL_MESSAGE 0x80090326)"
"PK-ENT-005","Samsung 65 Inch Crystal UHD 4K Smart TV CU7000 Titan Gray","TVs & Entertainment","Retailer hotlink blocking: Cloudflare TLS handshake rejection (SEC_E_ILLEGAL_MESSAGE 0x80090326)"
"PK-ENT-006","Samsung 50 Inch Crystal UHD 4K Smart TV CU7000","TVs & Entertainment","Retailer hotlink blocking: Cloudflare TLS handshake rejection (SEC_E_ILLEGAL_MESSAGE 0x80090326)"
"PK-ENT-007","Changhong Ruba 55 Inch U55H7N 4K UHD Smart Android TV","TVs & Entertainment","Retailer hotlink blocking: Cloudflare TLS handshake rejection (SEC_E_ILLEGAL_MESSAGE 0x80090326)"
"PK-ENT-008","Changhong Ruba 43 Inch 43G7N Full HD Smart Android TV","TVs & Entertainment","Retailer hotlink blocking: Cloudflare TLS handshake rejection (SEC_E_ILLEGAL_MESSAGE 0x80090326)"
"PK-ENT-009","Orient 43 Inch Action Pro FHD Smart LED TV Black","TVs & Entertainment","Retailer hotlink blocking: Cloudflare TLS handshake rejection (SEC_E_ILLEGAL_MESSAGE 0x80090326)"
"PK-ENT-010","Sony HT-S20R 5.1ch Home Cinema Soundbar with Wired Rear Speakers 400W","TVs & Entertainment","Retailer hotlink blocking: Cloudflare TLS handshake rejection (SEC_E_ILLEGAL_MESSAGE 0x80090326)"
"PK-ENT-011","Audionic Sugar 40 Bluetooth Soundbar with Wireless Subwoofer","TVs & Entertainment","Retailer hotlink blocking: Cloudflare TLS handshake rejection (SEC_E_ILLEGAL_MESSAGE 0x80090326)"
"PK-ENT-012","Xiaomi Mi TV Box S 2nd Gen 4K Ultra HD Streaming Player Black","TVs & Entertainment","Retailer hotlink blocking: Cloudflare TLS handshake rejection (SEC_E_ILLEGAL_MESSAGE 0x80090326)"
"PK-ENT-013","Samsung Home Entertainment System Pro #13","TVs & Entertainment","Retailer hotlink blocking: Cloudflare TLS handshake rejection (SEC_E_ILLEGAL_MESSAGE 0x80090326)"
"PK-ENT-014","Changhong Ruba Home Entertainment System Pro #14","TVs & Entertainment","Retailer hotlink blocking: Cloudflare TLS handshake rejection (SEC_E_ILLEGAL_MESSAGE 0x80090326)"
"PK-ENT-015","Orient Home Entertainment System Pro #15","TVs & Entertainment","Retailer hotlink blocking: Cloudflare TLS handshake rejection (SEC_E_ILLEGAL_MESSAGE 0x80090326)"
"PK-ENT-016","TCL Home Entertainment System Pro #16","TVs & Entertainment","Retailer hotlink blocking: Cloudflare TLS handshake rejection (SEC_E_ILLEGAL_MESSAGE 0x80090326)"
"PK-ENT-017","Samsung Home Entertainment System Pro #17","TVs & Entertainment","Retailer hotlink blocking: Cloudflare TLS handshake rejection (SEC_E_ILLEGAL_MESSAGE 0x80090326)"
"PK-ENT-018","Changhong Ruba Home Entertainment System Pro #18","TVs & Entertainment","Retailer hotlink blocking: Cloudflare TLS handshake rejection (SEC_E_ILLEGAL_MESSAGE 0x80090326)"
"PK-ENT-019","Orient Home Entertainment System Pro #19","TVs & Entertainment","Retailer hotlink blocking: Cloudflare TLS handshake rejection (SEC_E_ILLEGAL_MESSAGE 0x80090326)"
"PK-ENT-020","TCL Home Entertainment System Pro #20","TVs & Entertainment","Retailer hotlink blocking: Cloudflare TLS handshake rejection (SEC_E_ILLEGAL_MESSAGE 0x80090326)"
"PK-ENT-021","Samsung Home Entertainment System Pro #21","TVs & Entertainment","Retailer hotlink blocking: Cloudflare TLS handshake rejection (SEC_E_ILLEGAL_MESSAGE 0x80090326)"
"PK-ENT-022","Changhong Ruba Home Entertainment System Pro #22","TVs & Entertainment","Retailer hotlink blocking: Cloudflare TLS handshake rejection (SEC_E_ILLEGAL_MESSAGE 0x80090326)"
"PK-ENT-023","Orient Home Entertainment System Pro #23","TVs & Entertainment","Retailer hotlink blocking: Cloudflare TLS handshake rejection (SEC_E_ILLEGAL_MESSAGE 0x80090326)"
"PK-ENT-024","TCL Home Entertainment System Pro #24","TVs & Entertainment","Retailer hotlink blocking: Cloudflare TLS handshake rejection (SEC_E_ILLEGAL_MESSAGE 0x80090326)"
"PK-ENT-025","Samsung Home Entertainment System Pro #25","TVs & Entertainment","Retailer hotlink blocking: Cloudflare TLS handshake rejection (SEC_E_ILLEGAL_MESSAGE 0x80090326)"
"PK-ENT-026","Changhong Ruba Home Entertainment System Pro #26","TVs & Entertainment","Retailer hotlink blocking: Cloudflare TLS handshake rejection (SEC_E_ILLEGAL_MESSAGE 0x80090326)"
"PK-ENT-027","Orient Home Entertainment System Pro #27","TVs & Entertainment","Retailer hotlink blocking: Cloudflare TLS handshake rejection (SEC_E_ILLEGAL_MESSAGE 0x80090326)"
"PK-ENT-028","TCL Home Entertainment System Pro #28","TVs & Entertainment","Retailer hotlink blocking: Cloudflare TLS handshake rejection (SEC_E_ILLEGAL_MESSAGE 0x80090326)"
"PK-ENT-029","Samsung Home Entertainment System Pro #29","TVs & Entertainment","Retailer hotlink blocking: Cloudflare TLS handshake rejection (SEC_E_ILLEGAL_MESSAGE 0x80090326)"
"PK-ENT-030","Changhong Ruba Home Entertainment System Pro #30","TVs & Entertainment","Retailer hotlink blocking: Cloudflare TLS handshake rejection (SEC_E_ILLEGAL_MESSAGE 0x80090326)"
"PK-ENT-031","Orient Home Entertainment System Pro #31","TVs & Entertainment","Retailer hotlink blocking: Cloudflare TLS handshake rejection (SEC_E_ILLEGAL_MESSAGE 0x80090326)"
"PK-ENT-032","TCL Home Entertainment System Pro #32","TVs & Entertainment","Retailer hotlink blocking: Cloudflare TLS handshake rejection (SEC_E_ILLEGAL_MESSAGE 0x80090326)"
"PK-ENT-033","Samsung Home Entertainment System Pro #33","TVs & Entertainment","Retailer hotlink blocking: Cloudflare TLS handshake rejection (SEC_E_ILLEGAL_MESSAGE 0x80090326)"
"PK-ENT-034","Changhong Ruba Home Entertainment System Pro #34","TVs & Entertainment","Retailer hotlink blocking: Cloudflare TLS handshake rejection (SEC_E_ILLEGAL_MESSAGE 0x80090326)"
"PK-ENT-035","Orient Home Entertainment System Pro #35","TVs & Entertainment","Retailer hotlink blocking: Cloudflare TLS handshake rejection (SEC_E_ILLEGAL_MESSAGE 0x80090326)"
"PK-ENT-036","TCL Home Entertainment System Pro #36","TVs & Entertainment","Retailer hotlink blocking: Cloudflare TLS handshake rejection (SEC_E_ILLEGAL_MESSAGE 0x80090326)"
"PK-ENT-037","Samsung Home Entertainment System Pro #37","TVs & Entertainment","Retailer hotlink blocking: Cloudflare TLS handshake rejection (SEC_E_ILLEGAL_MESSAGE 0x80090326)"
"PK-ENT-038","Changhong Ruba Home Entertainment System Pro #38","TVs & Entertainment","Retailer hotlink blocking: Cloudflare TLS handshake rejection (SEC_E_ILLEGAL_MESSAGE 0x80090326)"
"PK-ENT-039","Orient Home Entertainment System Pro #39","TVs & Entertainment","Retailer hotlink blocking: Cloudflare TLS handshake rejection (SEC_E_ILLEGAL_MESSAGE 0x80090326)"
"PK-ENT-040","TCL Home Entertainment System Pro #40","TVs & Entertainment","Retailer hotlink blocking: Cloudflare TLS handshake rejection (SEC_E_ILLEGAL_MESSAGE 0x80090326)"
"PK-ENT-041","Samsung Home Entertainment System Pro #41","TVs & Entertainment","Retailer hotlink blocking: Cloudflare TLS handshake rejection (SEC_E_ILLEGAL_MESSAGE 0x80090326)"
"PK-ENT-042","Changhong Ruba Home Entertainment System Pro #42","TVs & Entertainment","Retailer hotlink blocking: Cloudflare TLS handshake rejection (SEC_E_ILLEGAL_MESSAGE 0x80090326)"
"PK-ENT-043","Orient Home Entertainment System Pro #43","TVs & Entertainment","Retailer hotlink blocking: Cloudflare TLS handshake rejection (SEC_E_ILLEGAL_MESSAGE 0x80090326)"
"PK-ENT-044","TCL Home Entertainment System Pro #44","TVs & Entertainment","Retailer hotlink blocking: Cloudflare TLS handshake rejection (SEC_E_ILLEGAL_MESSAGE 0x80090326)"
"PK-ENT-045","Samsung Home Entertainment System Pro #45","TVs & Entertainment","Retailer hotlink blocking: Cloudflare TLS handshake rejection (SEC_E_ILLEGAL_MESSAGE 0x80090326)"
"PK-ENT-046","Changhong Ruba Home Entertainment System Pro #46","TVs & Entertainment","Retailer hotlink blocking: Cloudflare TLS handshake rejection (SEC_E_ILLEGAL_MESSAGE 0x80090326)"
"PK-ENT-047","Orient Home Entertainment System Pro #47","TVs & Entertainment","Retailer hotlink blocking: Cloudflare TLS handshake rejection (SEC_E_ILLEGAL_MESSAGE 0x80090326)"
"PK-ENT-048","TCL Home Entertainment System Pro #48","TVs & Entertainment","Retailer hotlink blocking: Cloudflare TLS handshake rejection (SEC_E_ILLEGAL_MESSAGE 0x80090326)"
"PK-ENT-049","Samsung Home Entertainment System Pro #49","TVs & Entertainment","Retailer hotlink blocking: Cloudflare TLS handshake rejection (SEC_E_ILLEGAL_MESSAGE 0x80090326)"
"PK-ENT-050","Changhong Ruba Home Entertainment System Pro #50","TVs & Entertainment","Retailer hotlink blocking: Cloudflare TLS handshake rejection (SEC_E_ILLEGAL_MESSAGE 0x80090326)"
"PK-ENT-051","Orient Home Entertainment System Pro #51","TVs & Entertainment","Retailer hotlink blocking: Cloudflare TLS handshake rejection (SEC_E_ILLEGAL_MESSAGE 0x80090326)"
"PK-ENT-052","TCL Home Entertainment System Pro #52","TVs & Entertainment","Retailer hotlink blocking: Cloudflare TLS handshake rejection (SEC_E_ILLEGAL_MESSAGE 0x80090326)"
"PK-HAP-004","Dawlance 9kg Fully Automatic Top Load Washing Machine DWT 260 C LVS Plus","Home Appliances","Retailer hotlink blocking: Cloudflare TLS handshake rejection (SEC_E_ILLEGAL_MESSAGE 0x80090326)"
"PK-HAP-005","Haier 9kg Automatic Top Load Washing Machine HWM 90-1789 White","Home Appliances","Retailer hotlink blocking: Cloudflare TLS handshake rejection (SEC_E_ILLEGAL_MESSAGE 0x80090326)"
"PK-HAP-006","Waves CoolBank Deep Freezer Single Door Chest WDF-313 White","Home Appliances","Retailer hotlink blocking: Cloudflare TLS handshake rejection (SEC_E_ILLEGAL_MESSAGE 0x80090326)"
"PK-HAP-007","Gree 1.5 Ton Fairy Inverter Air Conditioner GS-18FITH1G Grey","Home Appliances","Retailer hotlink blocking: Cloudflare TLS handshake rejection (SEC_E_ILLEGAL_MESSAGE 0x80090326)"
"PK-HAP-008","Kenwood e-Inverter 1.5 Ton Air Conditioner KEE-1836S White","Home Appliances","Retailer hotlink blocking: Cloudflare TLS handshake rejection (SEC_E_ILLEGAL_MESSAGE 0x80090326)"
"PK-HAP-009","Haier Essential Home Appliance Pro #9","Home Appliances","Retailer hotlink blocking: Cloudflare TLS handshake rejection (SEC_E_ILLEGAL_MESSAGE 0x80090326)"
"PK-HAP-010","PEL Essential Home Appliance Pro #10","Home Appliances","Retailer hotlink blocking: Cloudflare TLS handshake rejection (SEC_E_ILLEGAL_MESSAGE 0x80090326)"
"PK-HAP-011","Kenwood Essential Home Appliance Pro #11","Home Appliances","Retailer hotlink blocking: Cloudflare TLS handshake rejection (SEC_E_ILLEGAL_MESSAGE 0x80090326)"
"PK-HAP-012","Dawlance Essential Home Appliance Pro #12","Home Appliances","Retailer hotlink blocking: Cloudflare TLS handshake rejection (SEC_E_ILLEGAL_MESSAGE 0x80090326)"
"PK-HAP-013","Haier Essential Home Appliance Pro #13","Home Appliances","Retailer hotlink blocking: Cloudflare TLS handshake rejection (SEC_E_ILLEGAL_MESSAGE 0x80090326)"
"PK-HAP-014","PEL Essential Home Appliance Pro #14","Home Appliances","Retailer hotlink blocking: Cloudflare TLS handshake rejection (SEC_E_ILLEGAL_MESSAGE 0x80090326)"
"PK-HAP-015","Kenwood Essential Home Appliance Pro #15","Home Appliances","Retailer hotlink blocking: Cloudflare TLS handshake rejection (SEC_E_ILLEGAL_MESSAGE 0x80090326)"
"PK-HAP-016","Dawlance Essential Home Appliance Pro #16","Home Appliances","Retailer hotlink blocking: Cloudflare TLS handshake rejection (SEC_E_ILLEGAL_MESSAGE 0x80090326)"
"PK-HAP-017","Haier Essential Home Appliance Pro #17","Home Appliances","Retailer hotlink blocking: Cloudflare TLS handshake rejection (SEC_E_ILLEGAL_MESSAGE 0x80090326)"
"PK-HAP-018","PEL Essential Home Appliance Pro #18","Home Appliances","Retailer hotlink blocking: Cloudflare TLS handshake rejection (SEC_E_ILLEGAL_MESSAGE 0x80090326)"
"PK-HAP-019","Kenwood Essential Home Appliance Pro #19","Home Appliances","Retailer hotlink blocking: Cloudflare TLS handshake rejection (SEC_E_ILLEGAL_MESSAGE 0x80090326)"
"PK-HAP-020","Dawlance Essential Home Appliance Pro #20","Home Appliances","Retailer hotlink blocking: Cloudflare TLS handshake rejection (SEC_E_ILLEGAL_MESSAGE 0x80090326)"
"PK-HAP-021","Haier Essential Home Appliance Pro #21","Home Appliances","Retailer hotlink blocking: Cloudflare TLS handshake rejection (SEC_E_ILLEGAL_MESSAGE 0x80090326)"
"PK-HAP-022","PEL Essential Home Appliance Pro #22","Home Appliances","Retailer hotlink blocking: Cloudflare TLS handshake rejection (SEC_E_ILLEGAL_MESSAGE 0x80090326)"
"PK-HAP-023","Kenwood Essential Home Appliance Pro #23","Home Appliances","Retailer hotlink blocking: Cloudflare TLS handshake rejection (SEC_E_ILLEGAL_MESSAGE 0x80090326)"
"PK-HAP-024","Dawlance Essential Home Appliance Pro #24","Home Appliances","Retailer hotlink blocking: Cloudflare TLS handshake rejection (SEC_E_ILLEGAL_MESSAGE 0x80090326)"
"PK-HAP-025","Haier Essential Home Appliance Pro #25","Home Appliances","Retailer hotlink blocking: Cloudflare TLS handshake rejection (SEC_E_ILLEGAL_MESSAGE 0x80090326)"
"PK-HAP-026","PEL Essential Home Appliance Pro #26","Home Appliances","Retailer hotlink blocking: Cloudflare TLS handshake rejection (SEC_E_ILLEGAL_MESSAGE 0x80090326)"
"PK-HAP-027","Kenwood Essential Home Appliance Pro #27","Home Appliances","Retailer hotlink blocking: Cloudflare TLS handshake rejection (SEC_E_ILLEGAL_MESSAGE 0x80090326)"
"PK-HAP-028","Dawlance Essential Home Appliance Pro #28","Home Appliances","Retailer hotlink blocking: Cloudflare TLS handshake rejection (SEC_E_ILLEGAL_MESSAGE 0x80090326)"
"PK-HAP-029","Haier Essential Home Appliance Pro #29","Home Appliances","Retailer hotlink blocking: Cloudflare TLS handshake rejection (SEC_E_ILLEGAL_MESSAGE 0x80090326)"
"PK-HAP-030","PEL Essential Home Appliance Pro #30","Home Appliances","Retailer hotlink blocking: Cloudflare TLS handshake rejection (SEC_E_ILLEGAL_MESSAGE 0x80090326)"
"PK-HAP-031","Kenwood Essential Home Appliance Pro #31","Home Appliances","Retailer hotlink blocking: Cloudflare TLS handshake rejection (SEC_E_ILLEGAL_MESSAGE 0x80090326)"
"PK-HAP-032","Dawlance Essential Home Appliance Pro #32","Home Appliances","Retailer hotlink blocking: Cloudflare TLS handshake rejection (SEC_E_ILLEGAL_MESSAGE 0x80090326)"
"PK-HAP-033","Haier Essential Home Appliance Pro #33","Home Appliances","Retailer hotlink blocking: Cloudflare TLS handshake rejection (SEC_E_ILLEGAL_MESSAGE 0x80090326)"
"PK-HAP-034","PEL Essential Home Appliance Pro #34","Home Appliances","Retailer hotlink blocking: Cloudflare TLS handshake rejection (SEC_E_ILLEGAL_MESSAGE 0x80090326)"
"PK-HAP-035","Kenwood Essential Home Appliance Pro #35","Home Appliances","Retailer hotlink blocking: Cloudflare TLS handshake rejection (SEC_E_ILLEGAL_MESSAGE 0x80090326)"
"PK-HAP-036","Dawlance Essential Home Appliance Pro #36","Home Appliances","Retailer hotlink blocking: Cloudflare TLS handshake rejection (SEC_E_ILLEGAL_MESSAGE 0x80090326)"
"PK-HAP-037","Haier Essential Home Appliance Pro #37","Home Appliances","Retailer hotlink blocking: Cloudflare TLS handshake rejection (SEC_E_ILLEGAL_MESSAGE 0x80090326)"
"PK-HAP-038","PEL Essential Home Appliance Pro #38","Home Appliances","Retailer hotlink blocking: Cloudflare TLS handshake rejection (SEC_E_ILLEGAL_MESSAGE 0x80090326)"
"PK-HAP-039","Kenwood Essential Home Appliance Pro #39","Home Appliances","Retailer hotlink blocking: Cloudflare TLS handshake rejection (SEC_E_ILLEGAL_MESSAGE 0x80090326)"
"PK-HAP-040","Dawlance Essential Home Appliance Pro #40","Home Appliances","Retailer hotlink blocking: Cloudflare TLS handshake rejection (SEC_E_ILLEGAL_MESSAGE 0x80090326)"
"PK-HAP-041","Haier Essential Home Appliance Pro #41","Home Appliances","Retailer hotlink blocking: Cloudflare TLS handshake rejection (SEC_E_ILLEGAL_MESSAGE 0x80090326)"
"PK-HAP-042","PEL Essential Home Appliance Pro #42","Home Appliances","Retailer hotlink blocking: Cloudflare TLS handshake rejection (SEC_E_ILLEGAL_MESSAGE 0x80090326)"
"PK-HAP-043","Kenwood Essential Home Appliance Pro #43","Home Appliances","Retailer hotlink blocking: Cloudflare TLS handshake rejection (SEC_E_ILLEGAL_MESSAGE 0x80090326)"
"PK-HAP-044","Dawlance Essential Home Appliance Pro #44","Home Appliances","Retailer hotlink blocking: Cloudflare TLS handshake rejection (SEC_E_ILLEGAL_MESSAGE 0x80090326)"
"PK-HAP-045","Haier Essential Home Appliance Pro #45","Home Appliances","Retailer hotlink blocking: Cloudflare TLS handshake rejection (SEC_E_ILLEGAL_MESSAGE 0x80090326)"
"PK-HAP-046","PEL Essential Home Appliance Pro #46","Home Appliances","Retailer hotlink blocking: Cloudflare TLS handshake rejection (SEC_E_ILLEGAL_MESSAGE 0x80090326)"
"PK-HAP-047","Kenwood Essential Home Appliance Pro #47","Home Appliances","Retailer hotlink blocking: Cloudflare TLS handshake rejection (SEC_E_ILLEGAL_MESSAGE 0x80090326)"
"PK-HAP-048","Dawlance Essential Home Appliance Pro #48","Home Appliances","Retailer hotlink blocking: Cloudflare TLS handshake rejection (SEC_E_ILLEGAL_MESSAGE 0x80090326)"
"PK-HAP-049","Haier Essential Home Appliance Pro #49","Home Appliances","Retailer hotlink blocking: Cloudflare TLS handshake rejection (SEC_E_ILLEGAL_MESSAGE 0x80090326)"
"PK-HAP-050","PEL Essential Home Appliance Pro #50","Home Appliances","Retailer hotlink blocking: Cloudflare TLS handshake rejection (SEC_E_ILLEGAL_MESSAGE 0x80090326)"
"PK-HAP-051","Kenwood Essential Home Appliance Pro #51","Home Appliances","Retailer hotlink blocking: Cloudflare TLS handshake rejection (SEC_E_ILLEGAL_MESSAGE 0x80090326)"
"PK-HAP-052","Dawlance Essential Home Appliance Pro #52","Home Appliances","Retailer hotlink blocking: Cloudflare TLS handshake rejection (SEC_E_ILLEGAL_MESSAGE 0x80090326)"
"PK-KIT-004","Philips Daily Collection Blender 450W with Mill HR2041 White","Kitchen Appliances","Retailer hotlink blocking: Cloudflare TLS handshake rejection (SEC_E_ILLEGAL_MESSAGE 0x80090326)"
"PK-KIT-005","Westpoint Roti Maker 10 Inch Non-Stick WF-6514 Silver","Kitchen Appliances","Retailer hotlink blocking: Cloudflare TLS handshake rejection (SEC_E_ILLEGAL_MESSAGE 0x80090326)"
"PK-KIT-006","Anex Deluxe Sandwich Maker 4-Slice AG-1039 White","Kitchen Appliances","Retailer hotlink blocking: Cloudflare TLS handshake rejection (SEC_E_ILLEGAL_MESSAGE 0x80090326)"
"PK-KIT-007","Westpoint Kitchen Appliance Chef Pro #7","Kitchen Appliances","Retailer hotlink blocking: Cloudflare TLS handshake rejection (SEC_E_ILLEGAL_MESSAGE 0x80090326)"
"PK-KIT-008","Philips Kitchen Appliance Chef Pro #8","Kitchen Appliances","Retailer hotlink blocking: Cloudflare TLS handshake rejection (SEC_E_ILLEGAL_MESSAGE 0x80090326)"
"PK-KIT-009","Anex Kitchen Appliance Chef Pro #9","Kitchen Appliances","Retailer hotlink blocking: Cloudflare TLS handshake rejection (SEC_E_ILLEGAL_MESSAGE 0x80090326)"
"PK-KIT-010","Westpoint Kitchen Appliance Chef Pro #10","Kitchen Appliances","Retailer hotlink blocking: Cloudflare TLS handshake rejection (SEC_E_ILLEGAL_MESSAGE 0x80090326)"
"PK-KIT-011","Philips Kitchen Appliance Chef Pro #11","Kitchen Appliances","Retailer hotlink blocking: Cloudflare TLS handshake rejection (SEC_E_ILLEGAL_MESSAGE 0x80090326)"
"PK-KIT-012","Anex Kitchen Appliance Chef Pro #12","Kitchen Appliances","Retailer hotlink blocking: Cloudflare TLS handshake rejection (SEC_E_ILLEGAL_MESSAGE 0x80090326)"
"PK-KIT-013","Westpoint Kitchen Appliance Chef Pro #13","Kitchen Appliances","Retailer hotlink blocking: Cloudflare TLS handshake rejection (SEC_E_ILLEGAL_MESSAGE 0x80090326)"
"PK-KIT-014","Philips Kitchen Appliance Chef Pro #14","Kitchen Appliances","Retailer hotlink blocking: Cloudflare TLS handshake rejection (SEC_E_ILLEGAL_MESSAGE 0x80090326)"
"PK-KIT-015","Anex Kitchen Appliance Chef Pro #15","Kitchen Appliances","Retailer hotlink blocking: Cloudflare TLS handshake rejection (SEC_E_ILLEGAL_MESSAGE 0x80090326)"
"PK-KIT-016","Westpoint Kitchen Appliance Chef Pro #16","Kitchen Appliances","Retailer hotlink blocking: Cloudflare TLS handshake rejection (SEC_E_ILLEGAL_MESSAGE 0x80090326)"
"PK-KIT-017","Philips Kitchen Appliance Chef Pro #17","Kitchen Appliances","Retailer hotlink blocking: Cloudflare TLS handshake rejection (SEC_E_ILLEGAL_MESSAGE 0x80090326)"
"PK-KIT-018","Anex Kitchen Appliance Chef Pro #18","Kitchen Appliances","Retailer hotlink blocking: Cloudflare TLS handshake rejection (SEC_E_ILLEGAL_MESSAGE 0x80090326)"
"PK-KIT-019","Westpoint Kitchen Appliance Chef Pro #19","Kitchen Appliances","Retailer hotlink blocking: Cloudflare TLS handshake rejection (SEC_E_ILLEGAL_MESSAGE 0x80090326)"
"PK-KIT-020","Philips Kitchen Appliance Chef Pro #20","Kitchen Appliances","Retailer hotlink blocking: Cloudflare TLS handshake rejection (SEC_E_ILLEGAL_MESSAGE 0x80090326)"
"PK-KIT-021","Anex Kitchen Appliance Chef Pro #21","Kitchen Appliances","Retailer hotlink blocking: Cloudflare TLS handshake rejection (SEC_E_ILLEGAL_MESSAGE 0x80090326)"
"PK-KIT-022","Westpoint Kitchen Appliance Chef Pro #22","Kitchen Appliances","Retailer hotlink blocking: Cloudflare TLS handshake rejection (SEC_E_ILLEGAL_MESSAGE 0x80090326)"
"PK-KIT-023","Philips Kitchen Appliance Chef Pro #23","Kitchen Appliances","Retailer hotlink blocking: Cloudflare TLS handshake rejection (SEC_E_ILLEGAL_MESSAGE 0x80090326)"
"PK-KIT-024","Anex Kitchen Appliance Chef Pro #24","Kitchen Appliances","Retailer hotlink blocking: Cloudflare TLS handshake rejection (SEC_E_ILLEGAL_MESSAGE 0x80090326)"
"PK-KIT-025","Westpoint Kitchen Appliance Chef Pro #25","Kitchen Appliances","Retailer hotlink blocking: Cloudflare TLS handshake rejection (SEC_E_ILLEGAL_MESSAGE 0x80090326)"
"PK-KIT-026","Philips Kitchen Appliance Chef Pro #26","Kitchen Appliances","Retailer hotlink blocking: Cloudflare TLS handshake rejection (SEC_E_ILLEGAL_MESSAGE 0x80090326)"
"PK-KIT-027","Anex Kitchen Appliance Chef Pro #27","Kitchen Appliances","Retailer hotlink blocking: Cloudflare TLS handshake rejection (SEC_E_ILLEGAL_MESSAGE 0x80090326)"
"PK-KIT-028","Westpoint Kitchen Appliance Chef Pro #28","Kitchen Appliances","Retailer hotlink blocking: Cloudflare TLS handshake rejection (SEC_E_ILLEGAL_MESSAGE 0x80090326)"
"PK-KIT-029","Philips Kitchen Appliance Chef Pro #29","Kitchen Appliances","Retailer hotlink blocking: Cloudflare TLS handshake rejection (SEC_E_ILLEGAL_MESSAGE 0x80090326)"
"PK-KIT-030","Anex Kitchen Appliance Chef Pro #30","Kitchen Appliances","Retailer hotlink blocking: Cloudflare TLS handshake rejection (SEC_E_ILLEGAL_MESSAGE 0x80090326)"
"PK-KIT-031","Westpoint Kitchen Appliance Chef Pro #31","Kitchen Appliances","Retailer hotlink blocking: Cloudflare TLS handshake rejection (SEC_E_ILLEGAL_MESSAGE 0x80090326)"
"PK-KIT-032","Philips Kitchen Appliance Chef Pro #32","Kitchen Appliances","Retailer hotlink blocking: Cloudflare TLS handshake rejection (SEC_E_ILLEGAL_MESSAGE 0x80090326)"
"PK-KIT-033","Anex Kitchen Appliance Chef Pro #33","Kitchen Appliances","Retailer hotlink blocking: Cloudflare TLS handshake rejection (SEC_E_ILLEGAL_MESSAGE 0x80090326)"
"PK-KIT-034","Westpoint Kitchen Appliance Chef Pro #34","Kitchen Appliances","Retailer hotlink blocking: Cloudflare TLS handshake rejection (SEC_E_ILLEGAL_MESSAGE 0x80090326)"
"PK-KIT-035","Philips Kitchen Appliance Chef Pro #35","Kitchen Appliances","Retailer hotlink blocking: Cloudflare TLS handshake rejection (SEC_E_ILLEGAL_MESSAGE 0x80090326)"
"PK-KIT-036","Anex Kitchen Appliance Chef Pro #36","Kitchen Appliances","Retailer hotlink blocking: Cloudflare TLS handshake rejection (SEC_E_ILLEGAL_MESSAGE 0x80090326)"
"PK-KIT-037","Westpoint Kitchen Appliance Chef Pro #37","Kitchen Appliances","Retailer hotlink blocking: Cloudflare TLS handshake rejection (SEC_E_ILLEGAL_MESSAGE 0x80090326)"
"PK-KIT-038","Philips Kitchen Appliance Chef Pro #38","Kitchen Appliances","Retailer hotlink blocking: Cloudflare TLS handshake rejection (SEC_E_ILLEGAL_MESSAGE 0x80090326)"
"PK-KIT-039","Anex Kitchen Appliance Chef Pro #39","Kitchen Appliances","Retailer hotlink blocking: Cloudflare TLS handshake rejection (SEC_E_ILLEGAL_MESSAGE 0x80090326)"
"PK-KIT-040","Westpoint Kitchen Appliance Chef Pro #40","Kitchen Appliances","Retailer hotlink blocking: Cloudflare TLS handshake rejection (SEC_E_ILLEGAL_MESSAGE 0x80090326)"
"PK-KIT-041","Philips Kitchen Appliance Chef Pro #41","Kitchen Appliances","Retailer hotlink blocking: Cloudflare TLS handshake rejection (SEC_E_ILLEGAL_MESSAGE 0x80090326)"
"PK-KIT-042","Anex Kitchen Appliance Chef Pro #42","Kitchen Appliances","Retailer hotlink blocking: Cloudflare TLS handshake rejection (SEC_E_ILLEGAL_MESSAGE 0x80090326)"
"PK-KIT-043","Westpoint Kitchen Appliance Chef Pro #43","Kitchen Appliances","Retailer hotlink blocking: Cloudflare TLS handshake rejection (SEC_E_ILLEGAL_MESSAGE 0x80090326)"
"PK-KIT-044","Philips Kitchen Appliance Chef Pro #44","Kitchen Appliances","Retailer hotlink blocking: Cloudflare TLS handshake rejection (SEC_E_ILLEGAL_MESSAGE 0x80090326)"
"PK-KIT-045","Anex Kitchen Appliance Chef Pro #45","Kitchen Appliances","Retailer hotlink blocking: Cloudflare TLS handshake rejection (SEC_E_ILLEGAL_MESSAGE 0x80090326)"
"PK-KIT-046","Westpoint Kitchen Appliance Chef Pro #46","Kitchen Appliances","Retailer hotlink blocking: Cloudflare TLS handshake rejection (SEC_E_ILLEGAL_MESSAGE 0x80090326)"
"PK-KIT-047","Philips Kitchen Appliance Chef Pro #47","Kitchen Appliances","Retailer hotlink blocking: Cloudflare TLS handshake rejection (SEC_E_ILLEGAL_MESSAGE 0x80090326)"
"PK-KIT-048","Anex Kitchen Appliance Chef Pro #48","Kitchen Appliances","Retailer hotlink blocking: Cloudflare TLS handshake rejection (SEC_E_ILLEGAL_MESSAGE 0x80090326)"
"PK-KIT-049","Westpoint Kitchen Appliance Chef Pro #49","Kitchen Appliances","Retailer hotlink blocking: Cloudflare TLS handshake rejection (SEC_E_ILLEGAL_MESSAGE 0x80090326)"
"PK-KIT-050","Philips Kitchen Appliance Chef Pro #50","Kitchen Appliances","Retailer hotlink blocking: Cloudflare TLS handshake rejection (SEC_E_ILLEGAL_MESSAGE 0x80090326)"
"PK-KIT-051","Anex Kitchen Appliance Chef Pro #51","Kitchen Appliances","Retailer hotlink blocking: Cloudflare TLS handshake rejection (SEC_E_ILLEGAL_MESSAGE 0x80090326)"
"PK-KIT-052","Westpoint Kitchen Appliance Chef Pro #52","Kitchen Appliances","Retailer hotlink blocking: Cloudflare TLS handshake rejection (SEC_E_ILLEGAL_MESSAGE 0x80090326)"
"PK-MSH-004","Outfitters Mens Classic Denim Trucker Jacket Vintage Wash","Men's Fashion","Retailer hotlink blocking: Cloudflare TLS handshake rejection (SEC_E_ILLEGAL_MESSAGE 0x80090326)"
"PK-MSH-005","Diners Men Formal Easy Iron Dress Shirt Crisp White","Men's Fashion","Retailer hotlink blocking: Cloudflare TLS handshake rejection (SEC_E_ILLEGAL_MESSAGE 0x80090326)"
"PK-MSH-006","J. Junaid Jamshed Men Royal Festive Kurta Pajama Cream","Men's Fashion","Retailer hotlink blocking: Cloudflare TLS handshake rejection (SEC_E_ILLEGAL_MESSAGE 0x80090326)"
"PK-MSH-007","Outfitters Mens Apparel Collection Essential #7","Men's Fashion","Retailer hotlink blocking: Cloudflare TLS handshake rejection (SEC_E_ILLEGAL_MESSAGE 0x80090326)"
"PK-MSH-008","Ideas by Gul Ahmed Mens Apparel Collection Essential #8","Men's Fashion","Retailer hotlink blocking: Cloudflare TLS handshake rejection (SEC_E_ILLEGAL_MESSAGE 0x80090326)"
"PK-MSH-009","J. Mens Apparel Collection Essential #9","Men's Fashion","Retailer hotlink blocking: Cloudflare TLS handshake rejection (SEC_E_ILLEGAL_MESSAGE 0x80090326)"
"PK-MSH-010","Charcoal Mens Apparel Collection Essential #10","Men's Fashion","Retailer hotlink blocking: Cloudflare TLS handshake rejection (SEC_E_ILLEGAL_MESSAGE 0x80090326)"
"PK-MSH-011","Outfitters Mens Apparel Collection Essential #11","Men's Fashion","Retailer hotlink blocking: Cloudflare TLS handshake rejection (SEC_E_ILLEGAL_MESSAGE 0x80090326)"
"PK-MSH-012","Ideas by Gul Ahmed Mens Apparel Collection Essential #12","Men's Fashion","Retailer hotlink blocking: Cloudflare TLS handshake rejection (SEC_E_ILLEGAL_MESSAGE 0x80090326)"
"PK-MSH-013","J. Mens Apparel Collection Essential #13","Men's Fashion","Retailer hotlink blocking: Cloudflare TLS handshake rejection (SEC_E_ILLEGAL_MESSAGE 0x80090326)"
"PK-MSH-014","Charcoal Mens Apparel Collection Essential #14","Men's Fashion","Retailer hotlink blocking: Cloudflare TLS handshake rejection (SEC_E_ILLEGAL_MESSAGE 0x80090326)"
"PK-MSH-015","Outfitters Mens Apparel Collection Essential #15","Men's Fashion","Retailer hotlink blocking: Cloudflare TLS handshake rejection (SEC_E_ILLEGAL_MESSAGE 0x80090326)"
"PK-MSH-016","Ideas by Gul Ahmed Mens Apparel Collection Essential #16","Men's Fashion","Retailer hotlink blocking: Cloudflare TLS handshake rejection (SEC_E_ILLEGAL_MESSAGE 0x80090326)"
"PK-MSH-017","J. Mens Apparel Collection Essential #17","Men's Fashion","Retailer hotlink blocking: Cloudflare TLS handshake rejection (SEC_E_ILLEGAL_MESSAGE 0x80090326)"
"PK-MSH-018","Charcoal Mens Apparel Collection Essential #18","Men's Fashion","Retailer hotlink blocking: Cloudflare TLS handshake rejection (SEC_E_ILLEGAL_MESSAGE 0x80090326)"
"PK-MSH-019","Outfitters Mens Apparel Collection Essential #19","Men's Fashion","Retailer hotlink blocking: Cloudflare TLS handshake rejection (SEC_E_ILLEGAL_MESSAGE 0x80090326)"
"PK-MSH-020","Ideas by Gul Ahmed Mens Apparel Collection Essential #20","Men's Fashion","Retailer hotlink blocking: Cloudflare TLS handshake rejection (SEC_E_ILLEGAL_MESSAGE 0x80090326)"
"PK-MSH-021","J. Mens Apparel Collection Essential #21","Men's Fashion","Retailer hotlink blocking: Cloudflare TLS handshake rejection (SEC_E_ILLEGAL_MESSAGE 0x80090326)"
"PK-MSH-022","Charcoal Mens Apparel Collection Essential #22","Men's Fashion","Retailer hotlink blocking: Cloudflare TLS handshake rejection (SEC_E_ILLEGAL_MESSAGE 0x80090326)"
"PK-MSH-023","Outfitters Mens Apparel Collection Essential #23","Men's Fashion","Retailer hotlink blocking: Cloudflare TLS handshake rejection (SEC_E_ILLEGAL_MESSAGE 0x80090326)"
"PK-MSH-024","Ideas by Gul Ahmed Mens Apparel Collection Essential #24","Men's Fashion","Retailer hotlink blocking: Cloudflare TLS handshake rejection (SEC_E_ILLEGAL_MESSAGE 0x80090326)"
"PK-MSH-025","J. Mens Apparel Collection Essential #25","Men's Fashion","Retailer hotlink blocking: Cloudflare TLS handshake rejection (SEC_E_ILLEGAL_MESSAGE 0x80090326)"
"PK-MSH-026","Charcoal Mens Apparel Collection Essential #26","Men's Fashion","Retailer hotlink blocking: Cloudflare TLS handshake rejection (SEC_E_ILLEGAL_MESSAGE 0x80090326)"
"PK-MSH-027","Outfitters Mens Apparel Collection Essential #27","Men's Fashion","Retailer hotlink blocking: Cloudflare TLS handshake rejection (SEC_E_ILLEGAL_MESSAGE 0x80090326)"
"PK-MSH-028","Ideas by Gul Ahmed Mens Apparel Collection Essential #28","Men's Fashion","Retailer hotlink blocking: Cloudflare TLS handshake rejection (SEC_E_ILLEGAL_MESSAGE 0x80090326)"
"PK-MSH-029","J. Mens Apparel Collection Essential #29","Men's Fashion","Retailer hotlink blocking: Cloudflare TLS handshake rejection (SEC_E_ILLEGAL_MESSAGE 0x80090326)"
"PK-MSH-030","Charcoal Mens Apparel Collection Essential #30","Men's Fashion","Retailer hotlink blocking: Cloudflare TLS handshake rejection (SEC_E_ILLEGAL_MESSAGE 0x80090326)"
"PK-MSH-031","Outfitters Mens Apparel Collection Essential #31","Men's Fashion","Retailer hotlink blocking: Cloudflare TLS handshake rejection (SEC_E_ILLEGAL_MESSAGE 0x80090326)"
"PK-MSH-032","Ideas by Gul Ahmed Mens Apparel Collection Essential #32","Men's Fashion","Retailer hotlink blocking: Cloudflare TLS handshake rejection (SEC_E_ILLEGAL_MESSAGE 0x80090326)"
"PK-MSH-033","J. Mens Apparel Collection Essential #33","Men's Fashion","Retailer hotlink blocking: Cloudflare TLS handshake rejection (SEC_E_ILLEGAL_MESSAGE 0x80090326)"
"PK-MSH-034","Charcoal Mens Apparel Collection Essential #34","Men's Fashion","Retailer hotlink blocking: Cloudflare TLS handshake rejection (SEC_E_ILLEGAL_MESSAGE 0x80090326)"
"PK-MSH-035","Outfitters Mens Apparel Collection Essential #35","Men's Fashion","Retailer hotlink blocking: Cloudflare TLS handshake rejection (SEC_E_ILLEGAL_MESSAGE 0x80090326)"
"PK-MSH-036","Ideas by Gul Ahmed Mens Apparel Collection Essential #36","Men's Fashion","Retailer hotlink blocking: Cloudflare TLS handshake rejection (SEC_E_ILLEGAL_MESSAGE 0x80090326)"
"PK-MSH-037","J. Mens Apparel Collection Essential #37","Men's Fashion","Retailer hotlink blocking: Cloudflare TLS handshake rejection (SEC_E_ILLEGAL_MESSAGE 0x80090326)"
"PK-MSH-038","Charcoal Mens Apparel Collection Essential #38","Men's Fashion","Retailer hotlink blocking: Cloudflare TLS handshake rejection (SEC_E_ILLEGAL_MESSAGE 0x80090326)"
"PK-MSH-039","Outfitters Mens Apparel Collection Essential #39","Men's Fashion","Retailer hotlink blocking: Cloudflare TLS handshake rejection (SEC_E_ILLEGAL_MESSAGE 0x80090326)"
"PK-MSH-040","Ideas by Gul Ahmed Mens Apparel Collection Essential #40","Men's Fashion","Retailer hotlink blocking: Cloudflare TLS handshake rejection (SEC_E_ILLEGAL_MESSAGE 0x80090326)"
"PK-MSH-041","J. Mens Apparel Collection Essential #41","Men's Fashion","Retailer hotlink blocking: Cloudflare TLS handshake rejection (SEC_E_ILLEGAL_MESSAGE 0x80090326)"
"PK-MSH-042","Charcoal Mens Apparel Collection Essential #42","Men's Fashion","Retailer hotlink blocking: Cloudflare TLS handshake rejection (SEC_E_ILLEGAL_MESSAGE 0x80090326)"
"PK-MSH-043","Outfitters Mens Apparel Collection Essential #43","Men's Fashion","Retailer hotlink blocking: Cloudflare TLS handshake rejection (SEC_E_ILLEGAL_MESSAGE 0x80090326)"
"PK-MSH-044","Ideas by Gul Ahmed Mens Apparel Collection Essential #44","Men's Fashion","Retailer hotlink blocking: Cloudflare TLS handshake rejection (SEC_E_ILLEGAL_MESSAGE 0x80090326)"
"PK-MSH-045","J. Mens Apparel Collection Essential #45","Men's Fashion","Retailer hotlink blocking: Cloudflare TLS handshake rejection (SEC_E_ILLEGAL_MESSAGE 0x80090326)"
"PK-MSH-046","Charcoal Mens Apparel Collection Essential #46","Men's Fashion","Retailer hotlink blocking: Cloudflare TLS handshake rejection (SEC_E_ILLEGAL_MESSAGE 0x80090326)"
"PK-MSH-047","Outfitters Mens Apparel Collection Essential #47","Men's Fashion","Retailer hotlink blocking: Cloudflare TLS handshake rejection (SEC_E_ILLEGAL_MESSAGE 0x80090326)"
"PK-MSH-048","Ideas by Gul Ahmed Mens Apparel Collection Essential #48","Men's Fashion","Retailer hotlink blocking: Cloudflare TLS handshake rejection (SEC_E_ILLEGAL_MESSAGE 0x80090326)"
"PK-MSH-049","J. Mens Apparel Collection Essential #49","Men's Fashion","Retailer hotlink blocking: Cloudflare TLS handshake rejection (SEC_E_ILLEGAL_MESSAGE 0x80090326)"
"PK-MSH-050","Charcoal Mens Apparel Collection Essential #50","Men's Fashion","Retailer hotlink blocking: Cloudflare TLS handshake rejection (SEC_E_ILLEGAL_MESSAGE 0x80090326)"
"PK-MSH-051","Outfitters Mens Apparel Collection Essential #51","Men's Fashion","Retailer hotlink blocking: Cloudflare TLS handshake rejection (SEC_E_ILLEGAL_MESSAGE 0x80090326)"
"PK-MSH-052","Ideas by Gul Ahmed Mens Apparel Collection Essential #52","Men's Fashion","Retailer hotlink blocking: Cloudflare TLS handshake rejection (SEC_E_ILLEGAL_MESSAGE 0x80090326)"
"PK-WSH-004","Nishat Linen Ready to Wear Embroidered Kurti Mustard Yellow","Women's Fashion","Retailer hotlink blocking: Cloudflare TLS handshake rejection (SEC_E_ILLEGAL_MESSAGE 0x80090326)"
"PK-WSH-005","Sana Safinaz Muzlin Summer 3-Piece Lawn Suit Pastel Lilac","Women's Fashion","Retailer hotlink blocking: Cloudflare TLS handshake rejection (SEC_E_ILLEGAL_MESSAGE 0x80090326)"
"PK-WSH-006","Khaadi Stitched Printed Cambric Kurta Blue Geo","Women's Fashion","Retailer hotlink blocking: Cloudflare TLS handshake rejection (SEC_E_ILLEGAL_MESSAGE 0x80090326)"
"PK-WSH-007","Nishat Linen Womens Couture Fashion Ensemble #7","Women's Fashion","Retailer hotlink blocking: Cloudflare TLS handshake rejection (SEC_E_ILLEGAL_MESSAGE 0x80090326)"
"PK-WSH-008","Khaadi Womens Couture Fashion Ensemble #8","Women's Fashion","Retailer hotlink blocking: Cloudflare TLS handshake rejection (SEC_E_ILLEGAL_MESSAGE 0x80090326)"
"PK-WSH-009","Sapphire Womens Couture Fashion Ensemble #9","Women's Fashion","Retailer hotlink blocking: Cloudflare TLS handshake rejection (SEC_E_ILLEGAL_MESSAGE 0x80090326)"
"PK-WSH-010","Ideas by Gul Ahmed Womens Couture Fashion Ensemble #10","Women's Fashion","Retailer hotlink blocking: Cloudflare TLS handshake rejection (SEC_E_ILLEGAL_MESSAGE 0x80090326)"
"PK-WSH-011","Nishat Linen Womens Couture Fashion Ensemble #11","Women's Fashion","Retailer hotlink blocking: Cloudflare TLS handshake rejection (SEC_E_ILLEGAL_MESSAGE 0x80090326)"
"PK-WSH-012","Khaadi Womens Couture Fashion Ensemble #12","Women's Fashion","Retailer hotlink blocking: Cloudflare TLS handshake rejection (SEC_E_ILLEGAL_MESSAGE 0x80090326)"
"PK-WSH-013","Sapphire Womens Couture Fashion Ensemble #13","Women's Fashion","Retailer hotlink blocking: Cloudflare TLS handshake rejection (SEC_E_ILLEGAL_MESSAGE 0x80090326)"
"PK-WSH-014","Ideas by Gul Ahmed Womens Couture Fashion Ensemble #14","Women's Fashion","Retailer hotlink blocking: Cloudflare TLS handshake rejection (SEC_E_ILLEGAL_MESSAGE 0x80090326)"
"PK-WSH-015","Nishat Linen Womens Couture Fashion Ensemble #15","Women's Fashion","Retailer hotlink blocking: Cloudflare TLS handshake rejection (SEC_E_ILLEGAL_MESSAGE 0x80090326)"
"PK-WSH-016","Khaadi Womens Couture Fashion Ensemble #16","Women's Fashion","Retailer hotlink blocking: Cloudflare TLS handshake rejection (SEC_E_ILLEGAL_MESSAGE 0x80090326)"
"PK-WSH-017","Sapphire Womens Couture Fashion Ensemble #17","Women's Fashion","Retailer hotlink blocking: Cloudflare TLS handshake rejection (SEC_E_ILLEGAL_MESSAGE 0x80090326)"
"PK-WSH-018","Ideas by Gul Ahmed Womens Couture Fashion Ensemble #18","Women's Fashion","Retailer hotlink blocking: Cloudflare TLS handshake rejection (SEC_E_ILLEGAL_MESSAGE 0x80090326)"
"PK-WSH-019","Nishat Linen Womens Couture Fashion Ensemble #19","Women's Fashion","Retailer hotlink blocking: Cloudflare TLS handshake rejection (SEC_E_ILLEGAL_MESSAGE 0x80090326)"
"PK-WSH-020","Khaadi Womens Couture Fashion Ensemble #20","Women's Fashion","Retailer hotlink blocking: Cloudflare TLS handshake rejection (SEC_E_ILLEGAL_MESSAGE 0x80090326)"
"PK-WSH-021","Sapphire Womens Couture Fashion Ensemble #21","Women's Fashion","Retailer hotlink blocking: Cloudflare TLS handshake rejection (SEC_E_ILLEGAL_MESSAGE 0x80090326)"
"PK-WSH-022","Ideas by Gul Ahmed Womens Couture Fashion Ensemble #22","Women's Fashion","Retailer hotlink blocking: Cloudflare TLS handshake rejection (SEC_E_ILLEGAL_MESSAGE 0x80090326)"
"PK-WSH-023","Nishat Linen Womens Couture Fashion Ensemble #23","Women's Fashion","Retailer hotlink blocking: Cloudflare TLS handshake rejection (SEC_E_ILLEGAL_MESSAGE 0x80090326)"
"PK-WSH-024","Khaadi Womens Couture Fashion Ensemble #24","Women's Fashion","Retailer hotlink blocking: Cloudflare TLS handshake rejection (SEC_E_ILLEGAL_MESSAGE 0x80090326)"
"PK-WSH-025","Sapphire Womens Couture Fashion Ensemble #25","Women's Fashion","Retailer hotlink blocking: Cloudflare TLS handshake rejection (SEC_E_ILLEGAL_MESSAGE 0x80090326)"
"PK-WSH-026","Ideas by Gul Ahmed Womens Couture Fashion Ensemble #26","Women's Fashion","Retailer hotlink blocking: Cloudflare TLS handshake rejection (SEC_E_ILLEGAL_MESSAGE 0x80090326)"
"PK-WSH-027","Nishat Linen Womens Couture Fashion Ensemble #27","Women's Fashion","Retailer hotlink blocking: Cloudflare TLS handshake rejection (SEC_E_ILLEGAL_MESSAGE 0x80090326)"
"PK-WSH-028","Khaadi Womens Couture Fashion Ensemble #28","Women's Fashion","Retailer hotlink blocking: Cloudflare TLS handshake rejection (SEC_E_ILLEGAL_MESSAGE 0x80090326)"
"PK-WSH-029","Sapphire Womens Couture Fashion Ensemble #29","Women's Fashion","Retailer hotlink blocking: Cloudflare TLS handshake rejection (SEC_E_ILLEGAL_MESSAGE 0x80090326)"
"PK-WSH-030","Ideas by Gul Ahmed Womens Couture Fashion Ensemble #30","Women's Fashion","Retailer hotlink blocking: Cloudflare TLS handshake rejection (SEC_E_ILLEGAL_MESSAGE 0x80090326)"
"PK-WSH-031","Nishat Linen Womens Couture Fashion Ensemble #31","Women's Fashion","Retailer hotlink blocking: Cloudflare TLS handshake rejection (SEC_E_ILLEGAL_MESSAGE 0x80090326)"
"PK-WSH-032","Khaadi Womens Couture Fashion Ensemble #32","Women's Fashion","Retailer hotlink blocking: Cloudflare TLS handshake rejection (SEC_E_ILLEGAL_MESSAGE 0x80090326)"
"PK-WSH-033","Sapphire Womens Couture Fashion Ensemble #33","Women's Fashion","Retailer hotlink blocking: Cloudflare TLS handshake rejection (SEC_E_ILLEGAL_MESSAGE 0x80090326)"
"PK-WSH-034","Ideas by Gul Ahmed Womens Couture Fashion Ensemble #34","Women's Fashion","Retailer hotlink blocking: Cloudflare TLS handshake rejection (SEC_E_ILLEGAL_MESSAGE 0x80090326)"
"PK-WSH-035","Nishat Linen Womens Couture Fashion Ensemble #35","Women's Fashion","Retailer hotlink blocking: Cloudflare TLS handshake rejection (SEC_E_ILLEGAL_MESSAGE 0x80090326)"
"PK-WSH-036","Khaadi Womens Couture Fashion Ensemble #36","Women's Fashion","Retailer hotlink blocking: Cloudflare TLS handshake rejection (SEC_E_ILLEGAL_MESSAGE 0x80090326)"
"PK-WSH-037","Sapphire Womens Couture Fashion Ensemble #37","Women's Fashion","Retailer hotlink blocking: Cloudflare TLS handshake rejection (SEC_E_ILLEGAL_MESSAGE 0x80090326)"
"PK-WSH-038","Ideas by Gul Ahmed Womens Couture Fashion Ensemble #38","Women's Fashion","Retailer hotlink blocking: Cloudflare TLS handshake rejection (SEC_E_ILLEGAL_MESSAGE 0x80090326)"
"PK-WSH-039","Nishat Linen Womens Couture Fashion Ensemble #39","Women's Fashion","Retailer hotlink blocking: Cloudflare TLS handshake rejection (SEC_E_ILLEGAL_MESSAGE 0x80090326)"
"PK-WSH-040","Khaadi Womens Couture Fashion Ensemble #40","Women's Fashion","Retailer hotlink blocking: Cloudflare TLS handshake rejection (SEC_E_ILLEGAL_MESSAGE 0x80090326)"
"PK-WSH-041","Sapphire Womens Couture Fashion Ensemble #41","Women's Fashion","Retailer hotlink blocking: Cloudflare TLS handshake rejection (SEC_E_ILLEGAL_MESSAGE 0x80090326)"
"PK-WSH-042","Ideas by Gul Ahmed Womens Couture Fashion Ensemble #42","Women's Fashion","Retailer hotlink blocking: Cloudflare TLS handshake rejection (SEC_E_ILLEGAL_MESSAGE 0x80090326)"
"PK-WSH-043","Nishat Linen Womens Couture Fashion Ensemble #43","Women's Fashion","Retailer hotlink blocking: Cloudflare TLS handshake rejection (SEC_E_ILLEGAL_MESSAGE 0x80090326)"
"PK-WSH-044","Khaadi Womens Couture Fashion Ensemble #44","Women's Fashion","Retailer hotlink blocking: Cloudflare TLS handshake rejection (SEC_E_ILLEGAL_MESSAGE 0x80090326)"
"PK-WSH-045","Sapphire Womens Couture Fashion Ensemble #45","Women's Fashion","Retailer hotlink blocking: Cloudflare TLS handshake rejection (SEC_E_ILLEGAL_MESSAGE 0x80090326)"
"PK-WSH-046","Ideas by Gul Ahmed Womens Couture Fashion Ensemble #46","Women's Fashion","Retailer hotlink blocking: Cloudflare TLS handshake rejection (SEC_E_ILLEGAL_MESSAGE 0x80090326)"
"PK-WSH-047","Nishat Linen Womens Couture Fashion Ensemble #47","Women's Fashion","Retailer hotlink blocking: Cloudflare TLS handshake rejection (SEC_E_ILLEGAL_MESSAGE 0x80090326)"
"PK-WSH-048","Khaadi Womens Couture Fashion Ensemble #48","Women's Fashion","Retailer hotlink blocking: Cloudflare TLS handshake rejection (SEC_E_ILLEGAL_MESSAGE 0x80090326)"
"PK-WSH-049","Sapphire Womens Couture Fashion Ensemble #49","Women's Fashion","Retailer hotlink blocking: Cloudflare TLS handshake rejection (SEC_E_ILLEGAL_MESSAGE 0x80090326)"
"PK-WSH-050","Ideas by Gul Ahmed Womens Couture Fashion Ensemble #50","Women's Fashion","Retailer hotlink blocking: Cloudflare TLS handshake rejection (SEC_E_ILLEGAL_MESSAGE 0x80090326)"
"PK-WSH-051","Nishat Linen Womens Couture Fashion Ensemble #51","Women's Fashion","Retailer hotlink blocking: Cloudflare TLS handshake rejection (SEC_E_ILLEGAL_MESSAGE 0x80090326)"
"PK-WSH-052","Khaadi Womens Couture Fashion Ensemble #52","Women's Fashion","Retailer hotlink blocking: Cloudflare TLS handshake rejection (SEC_E_ILLEGAL_MESSAGE 0x80090326)"
"PK-SHOE-004","Servis Ndure Pure Cow Leather Peshawari Chappal Mustard Brown","Shoes & Footwear","Invalid generated URL: retailer returned 404 Not Found"
"PK-SHOE-005","Bata Comfit Mens Ergonomic Slip-On Loafers Dark Brown","Shoes & Footwear","Invalid generated URL: retailer returned 404 Not Found"
"PK-SHOE-006","Borjan Ladies Elegant Block Heel Sandals Nude Beige","Shoes & Footwear","Invalid generated URL: retailer returned 404 Not Found"
"PK-SHOE-007","Bata Pakistan Comfort Footwear Athletic & Casual #7","Shoes & Footwear","Invalid generated URL: retailer returned 404 Not Found"
"PK-SHOE-008","Ndure Comfort Footwear Athletic & Casual #8","Shoes & Footwear","Invalid generated URL: retailer returned 404 Not Found"
"PK-SHOE-009","Servis Comfort Footwear Athletic & Casual #9","Shoes & Footwear","Invalid generated URL: retailer returned 404 Not Found"
"PK-SHOE-010","Bata Pakistan Comfort Footwear Athletic & Casual #10","Shoes & Footwear","Invalid generated URL: retailer returned 404 Not Found"
"PK-SHOE-011","Ndure Comfort Footwear Athletic & Casual #11","Shoes & Footwear","Invalid generated URL: retailer returned 404 Not Found"
"PK-SHOE-012","Servis Comfort Footwear Athletic & Casual #12","Shoes & Footwear","Invalid generated URL: retailer returned 404 Not Found"
"PK-SHOE-013","Bata Pakistan Comfort Footwear Athletic & Casual #13","Shoes & Footwear","Invalid generated URL: retailer returned 404 Not Found"
"PK-SHOE-014","Ndure Comfort Footwear Athletic & Casual #14","Shoes & Footwear","Invalid generated URL: retailer returned 404 Not Found"
"PK-SHOE-015","Servis Comfort Footwear Athletic & Casual #15","Shoes & Footwear","Invalid generated URL: retailer returned 404 Not Found"
"PK-SHOE-016","Bata Pakistan Comfort Footwear Athletic & Casual #16","Shoes & Footwear","Invalid generated URL: retailer returned 404 Not Found"
"PK-SHOE-017","Ndure Comfort Footwear Athletic & Casual #17","Shoes & Footwear","Invalid generated URL: retailer returned 404 Not Found"
"PK-SHOE-018","Servis Comfort Footwear Athletic & Casual #18","Shoes & Footwear","Invalid generated URL: retailer returned 404 Not Found"
"PK-SHOE-019","Bata Pakistan Comfort Footwear Athletic & Casual #19","Shoes & Footwear","Invalid generated URL: retailer returned 404 Not Found"
"PK-SHOE-020","Ndure Comfort Footwear Athletic & Casual #20","Shoes & Footwear","Invalid generated URL: retailer returned 404 Not Found"
"PK-SHOE-021","Servis Comfort Footwear Athletic & Casual #21","Shoes & Footwear","Invalid generated URL: retailer returned 404 Not Found"
"PK-SHOE-022","Bata Pakistan Comfort Footwear Athletic & Casual #22","Shoes & Footwear","Invalid generated URL: retailer returned 404 Not Found"
"PK-SHOE-023","Ndure Comfort Footwear Athletic & Casual #23","Shoes & Footwear","Invalid generated URL: retailer returned 404 Not Found"
"PK-SHOE-024","Servis Comfort Footwear Athletic & Casual #24","Shoes & Footwear","Invalid generated URL: retailer returned 404 Not Found"
"PK-SHOE-025","Bata Pakistan Comfort Footwear Athletic & Casual #25","Shoes & Footwear","Invalid generated URL: retailer returned 404 Not Found"
"PK-SHOE-026","Ndure Comfort Footwear Athletic & Casual #26","Shoes & Footwear","Invalid generated URL: retailer returned 404 Not Found"
"PK-SHOE-027","Servis Comfort Footwear Athletic & Casual #27","Shoes & Footwear","Invalid generated URL: retailer returned 404 Not Found"
"PK-SHOE-028","Bata Pakistan Comfort Footwear Athletic & Casual #28","Shoes & Footwear","Invalid generated URL: retailer returned 404 Not Found"
"PK-SHOE-029","Ndure Comfort Footwear Athletic & Casual #29","Shoes & Footwear","Invalid generated URL: retailer returned 404 Not Found"
"PK-SHOE-030","Servis Comfort Footwear Athletic & Casual #30","Shoes & Footwear","Invalid generated URL: retailer returned 404 Not Found"
"PK-SHOE-031","Bata Pakistan Comfort Footwear Athletic & Casual #31","Shoes & Footwear","Invalid generated URL: retailer returned 404 Not Found"
"PK-SHOE-032","Ndure Comfort Footwear Athletic & Casual #32","Shoes & Footwear","Invalid generated URL: retailer returned 404 Not Found"
"PK-SHOE-033","Servis Comfort Footwear Athletic & Casual #33","Shoes & Footwear","Invalid generated URL: retailer returned 404 Not Found"
"PK-SHOE-034","Bata Pakistan Comfort Footwear Athletic & Casual #34","Shoes & Footwear","Invalid generated URL: retailer returned 404 Not Found"
"PK-SHOE-035","Ndure Comfort Footwear Athletic & Casual #35","Shoes & Footwear","Invalid generated URL: retailer returned 404 Not Found"
"PK-SHOE-036","Servis Comfort Footwear Athletic & Casual #36","Shoes & Footwear","Invalid generated URL: retailer returned 404 Not Found"
"PK-SHOE-037","Bata Pakistan Comfort Footwear Athletic & Casual #37","Shoes & Footwear","Invalid generated URL: retailer returned 404 Not Found"
"PK-SHOE-038","Ndure Comfort Footwear Athletic & Casual #38","Shoes & Footwear","Invalid generated URL: retailer returned 404 Not Found"
"PK-SHOE-039","Servis Comfort Footwear Athletic & Casual #39","Shoes & Footwear","Invalid generated URL: retailer returned 404 Not Found"
"PK-SHOE-040","Bata Pakistan Comfort Footwear Athletic & Casual #40","Shoes & Footwear","Invalid generated URL: retailer returned 404 Not Found"
"PK-SHOE-041","Ndure Comfort Footwear Athletic & Casual #41","Shoes & Footwear","Invalid generated URL: retailer returned 404 Not Found"
"PK-SHOE-042","Servis Comfort Footwear Athletic & Casual #42","Shoes & Footwear","Invalid generated URL: retailer returned 404 Not Found"
"PK-SHOE-043","Bata Pakistan Comfort Footwear Athletic & Casual #43","Shoes & Footwear","Invalid generated URL: retailer returned 404 Not Found"
"PK-SHOE-044","Ndure Comfort Footwear Athletic & Casual #44","Shoes & Footwear","Invalid generated URL: retailer returned 404 Not Found"
"PK-SHOE-045","Servis Comfort Footwear Athletic & Casual #45","Shoes & Footwear","Invalid generated URL: retailer returned 404 Not Found"
"PK-SHOE-046","Bata Pakistan Comfort Footwear Athletic & Casual #46","Shoes & Footwear","Invalid generated URL: retailer returned 404 Not Found"
"PK-SHOE-047","Ndure Comfort Footwear Athletic & Casual #47","Shoes & Footwear","Invalid generated URL: retailer returned 404 Not Found"
"PK-SHOE-048","Servis Comfort Footwear Athletic & Casual #48","Shoes & Footwear","Invalid generated URL: retailer returned 404 Not Found"
"PK-SHOE-049","Bata Pakistan Comfort Footwear Athletic & Casual #49","Shoes & Footwear","Invalid generated URL: retailer returned 404 Not Found"
"PK-SHOE-050","Ndure Comfort Footwear Athletic & Casual #50","Shoes & Footwear","Invalid generated URL: retailer returned 404 Not Found"
"PK-SHOE-051","Servis Comfort Footwear Athletic & Casual #51","Shoes & Footwear","Invalid generated URL: retailer returned 404 Not Found"
"PK-SHOE-052","Bata Pakistan Comfort Footwear Athletic & Casual #52","Shoes & Footwear","Invalid generated URL: retailer returned 404 Not Found"
"PK-WAT-004","Tesoro 24K Gold Plated Austrian Zirconia Bridal Necklace Set with Earrings","Watches & Jewellery","Retailer hotlink blocking: Cloudflare TLS handshake rejection (SEC_E_ILLEGAL_MESSAGE 0x80090326)"
"PK-WAT-005","Skmei Solar Powered Dual Time Military Sport Watch Green","Watches & Jewellery","Retailer hotlink blocking: Cloudflare TLS handshake rejection (SEC_E_ILLEGAL_MESSAGE 0x80090326)"
"PK-WAT-006","Citizen Eco-Drive Aviator Chronograph Black Dial Leather Strap","Watches & Jewellery","Retailer hotlink blocking: Cloudflare TLS handshake rejection (SEC_E_ILLEGAL_MESSAGE 0x80090326)"
"PK-WAT-007","Tesoro Precision Timepiece & Ornament #7","Watches & Jewellery","Retailer hotlink blocking: Cloudflare TLS handshake rejection (SEC_E_ILLEGAL_MESSAGE 0x80090326)"
"PK-WAT-008","Casio Precision Timepiece & Ornament #8","Watches & Jewellery","Retailer hotlink blocking: Cloudflare TLS handshake rejection (SEC_E_ILLEGAL_MESSAGE 0x80090326)"
"PK-WAT-009","Curren Precision Timepiece & Ornament #9","Watches & Jewellery","Retailer hotlink blocking: Cloudflare TLS handshake rejection (SEC_E_ILLEGAL_MESSAGE 0x80090326)"
"PK-WAT-010","Skmei Precision Timepiece & Ornament #10","Watches & Jewellery","Retailer hotlink blocking: Cloudflare TLS handshake rejection (SEC_E_ILLEGAL_MESSAGE 0x80090326)"
"PK-WAT-011","Tesoro Precision Timepiece & Ornament #11","Watches & Jewellery","Retailer hotlink blocking: Cloudflare TLS handshake rejection (SEC_E_ILLEGAL_MESSAGE 0x80090326)"
"PK-WAT-012","Casio Precision Timepiece & Ornament #12","Watches & Jewellery","Retailer hotlink blocking: Cloudflare TLS handshake rejection (SEC_E_ILLEGAL_MESSAGE 0x80090326)"
"PK-WAT-013","Curren Precision Timepiece & Ornament #13","Watches & Jewellery","Retailer hotlink blocking: Cloudflare TLS handshake rejection (SEC_E_ILLEGAL_MESSAGE 0x80090326)"
"PK-WAT-014","Skmei Precision Timepiece & Ornament #14","Watches & Jewellery","Retailer hotlink blocking: Cloudflare TLS handshake rejection (SEC_E_ILLEGAL_MESSAGE 0x80090326)"
"PK-WAT-015","Tesoro Precision Timepiece & Ornament #15","Watches & Jewellery","Retailer hotlink blocking: Cloudflare TLS handshake rejection (SEC_E_ILLEGAL_MESSAGE 0x80090326)"
"PK-WAT-016","Casio Precision Timepiece & Ornament #16","Watches & Jewellery","Retailer hotlink blocking: Cloudflare TLS handshake rejection (SEC_E_ILLEGAL_MESSAGE 0x80090326)"
"PK-WAT-017","Curren Precision Timepiece & Ornament #17","Watches & Jewellery","Retailer hotlink blocking: Cloudflare TLS handshake rejection (SEC_E_ILLEGAL_MESSAGE 0x80090326)"
"PK-WAT-018","Skmei Precision Timepiece & Ornament #18","Watches & Jewellery","Retailer hotlink blocking: Cloudflare TLS handshake rejection (SEC_E_ILLEGAL_MESSAGE 0x80090326)"
"PK-WAT-019","Tesoro Precision Timepiece & Ornament #19","Watches & Jewellery","Retailer hotlink blocking: Cloudflare TLS handshake rejection (SEC_E_ILLEGAL_MESSAGE 0x80090326)"
"PK-WAT-020","Casio Precision Timepiece & Ornament #20","Watches & Jewellery","Retailer hotlink blocking: Cloudflare TLS handshake rejection (SEC_E_ILLEGAL_MESSAGE 0x80090326)"
"PK-WAT-021","Curren Precision Timepiece & Ornament #21","Watches & Jewellery","Retailer hotlink blocking: Cloudflare TLS handshake rejection (SEC_E_ILLEGAL_MESSAGE 0x80090326)"
"PK-WAT-022","Skmei Precision Timepiece & Ornament #22","Watches & Jewellery","Retailer hotlink blocking: Cloudflare TLS handshake rejection (SEC_E_ILLEGAL_MESSAGE 0x80090326)"
"PK-WAT-023","Tesoro Precision Timepiece & Ornament #23","Watches & Jewellery","Retailer hotlink blocking: Cloudflare TLS handshake rejection (SEC_E_ILLEGAL_MESSAGE 0x80090326)"
"PK-WAT-024","Casio Precision Timepiece & Ornament #24","Watches & Jewellery","Retailer hotlink blocking: Cloudflare TLS handshake rejection (SEC_E_ILLEGAL_MESSAGE 0x80090326)"
"PK-WAT-025","Curren Precision Timepiece & Ornament #25","Watches & Jewellery","Retailer hotlink blocking: Cloudflare TLS handshake rejection (SEC_E_ILLEGAL_MESSAGE 0x80090326)"
"PK-WAT-026","Skmei Precision Timepiece & Ornament #26","Watches & Jewellery","Retailer hotlink blocking: Cloudflare TLS handshake rejection (SEC_E_ILLEGAL_MESSAGE 0x80090326)"
"PK-WAT-027","Tesoro Precision Timepiece & Ornament #27","Watches & Jewellery","Retailer hotlink blocking: Cloudflare TLS handshake rejection (SEC_E_ILLEGAL_MESSAGE 0x80090326)"
"PK-WAT-028","Casio Precision Timepiece & Ornament #28","Watches & Jewellery","Retailer hotlink blocking: Cloudflare TLS handshake rejection (SEC_E_ILLEGAL_MESSAGE 0x80090326)"
"PK-WAT-029","Curren Precision Timepiece & Ornament #29","Watches & Jewellery","Retailer hotlink blocking: Cloudflare TLS handshake rejection (SEC_E_ILLEGAL_MESSAGE 0x80090326)"
"PK-WAT-030","Skmei Precision Timepiece & Ornament #30","Watches & Jewellery","Retailer hotlink blocking: Cloudflare TLS handshake rejection (SEC_E_ILLEGAL_MESSAGE 0x80090326)"
"PK-WAT-031","Tesoro Precision Timepiece & Ornament #31","Watches & Jewellery","Retailer hotlink blocking: Cloudflare TLS handshake rejection (SEC_E_ILLEGAL_MESSAGE 0x80090326)"
"PK-WAT-032","Casio Precision Timepiece & Ornament #32","Watches & Jewellery","Retailer hotlink blocking: Cloudflare TLS handshake rejection (SEC_E_ILLEGAL_MESSAGE 0x80090326)"
"PK-WAT-033","Curren Precision Timepiece & Ornament #33","Watches & Jewellery","Retailer hotlink blocking: Cloudflare TLS handshake rejection (SEC_E_ILLEGAL_MESSAGE 0x80090326)"
"PK-WAT-034","Skmei Precision Timepiece & Ornament #34","Watches & Jewellery","Retailer hotlink blocking: Cloudflare TLS handshake rejection (SEC_E_ILLEGAL_MESSAGE 0x80090326)"
"PK-WAT-035","Tesoro Precision Timepiece & Ornament #35","Watches & Jewellery","Retailer hotlink blocking: Cloudflare TLS handshake rejection (SEC_E_ILLEGAL_MESSAGE 0x80090326)"
"PK-WAT-036","Casio Precision Timepiece & Ornament #36","Watches & Jewellery","Retailer hotlink blocking: Cloudflare TLS handshake rejection (SEC_E_ILLEGAL_MESSAGE 0x80090326)"
"PK-WAT-037","Curren Precision Timepiece & Ornament #37","Watches & Jewellery","Retailer hotlink blocking: Cloudflare TLS handshake rejection (SEC_E_ILLEGAL_MESSAGE 0x80090326)"
"PK-WAT-038","Skmei Precision Timepiece & Ornament #38","Watches & Jewellery","Retailer hotlink blocking: Cloudflare TLS handshake rejection (SEC_E_ILLEGAL_MESSAGE 0x80090326)"
"PK-WAT-039","Tesoro Precision Timepiece & Ornament #39","Watches & Jewellery","Retailer hotlink blocking: Cloudflare TLS handshake rejection (SEC_E_ILLEGAL_MESSAGE 0x80090326)"
"PK-WAT-040","Casio Precision Timepiece & Ornament #40","Watches & Jewellery","Retailer hotlink blocking: Cloudflare TLS handshake rejection (SEC_E_ILLEGAL_MESSAGE 0x80090326)"
"PK-WAT-041","Curren Precision Timepiece & Ornament #41","Watches & Jewellery","Retailer hotlink blocking: Cloudflare TLS handshake rejection (SEC_E_ILLEGAL_MESSAGE 0x80090326)"
"PK-WAT-042","Skmei Precision Timepiece & Ornament #42","Watches & Jewellery","Retailer hotlink blocking: Cloudflare TLS handshake rejection (SEC_E_ILLEGAL_MESSAGE 0x80090326)"
"PK-WAT-043","Tesoro Precision Timepiece & Ornament #43","Watches & Jewellery","Retailer hotlink blocking: Cloudflare TLS handshake rejection (SEC_E_ILLEGAL_MESSAGE 0x80090326)"
"PK-WAT-044","Casio Precision Timepiece & Ornament #44","Watches & Jewellery","Retailer hotlink blocking: Cloudflare TLS handshake rejection (SEC_E_ILLEGAL_MESSAGE 0x80090326)"
"PK-WAT-045","Curren Precision Timepiece & Ornament #45","Watches & Jewellery","Retailer hotlink blocking: Cloudflare TLS handshake rejection (SEC_E_ILLEGAL_MESSAGE 0x80090326)"
"PK-WAT-046","Skmei Precision Timepiece & Ornament #46","Watches & Jewellery","Retailer hotlink blocking: Cloudflare TLS handshake rejection (SEC_E_ILLEGAL_MESSAGE 0x80090326)"
"PK-WAT-047","Tesoro Precision Timepiece & Ornament #47","Watches & Jewellery","Retailer hotlink blocking: Cloudflare TLS handshake rejection (SEC_E_ILLEGAL_MESSAGE 0x80090326)"
"PK-WAT-048","Casio Precision Timepiece & Ornament #48","Watches & Jewellery","Retailer hotlink blocking: Cloudflare TLS handshake rejection (SEC_E_ILLEGAL_MESSAGE 0x80090326)"
"PK-WAT-049","Curren Precision Timepiece & Ornament #49","Watches & Jewellery","Retailer hotlink blocking: Cloudflare TLS handshake rejection (SEC_E_ILLEGAL_MESSAGE 0x80090326)"
"PK-WAT-050","Skmei Precision Timepiece & Ornament #50","Watches & Jewellery","Retailer hotlink blocking: Cloudflare TLS handshake rejection (SEC_E_ILLEGAL_MESSAGE 0x80090326)"
"PK-WAT-051","Tesoro Precision Timepiece & Ornament #51","Watches & Jewellery","Retailer hotlink blocking: Cloudflare TLS handshake rejection (SEC_E_ILLEGAL_MESSAGE 0x80090326)"
"PK-WAT-052","Casio Precision Timepiece & Ornament #52","Watches & Jewellery","Retailer hotlink blocking: Cloudflare TLS handshake rejection (SEC_E_ILLEGAL_MESSAGE 0x80090326)"
"PK-BEA-004","J. Zarar Pour Homme Luxury Eau De Parfum 100ml","Beauty & Personal Care","Retailer hotlink blocking: Cloudflare TLS handshake rejection (SEC_E_ILLEGAL_MESSAGE 0x80090326)"
"PK-BEA-005","CeraVe Hydrating Facial Cleanser for Normal to Dry Skin 236ml","Beauty & Personal Care","Retailer hotlink blocking: Cloudflare TLS handshake rejection (SEC_E_ILLEGAL_MESSAGE 0x80090326)"
"PK-BEA-006","Saeed Ghani Mughziat Herbal Hair Oil 200ml for Hair Fall Control","Beauty & Personal Care","Retailer hotlink blocking: Cloudflare TLS handshake rejection (SEC_E_ILLEGAL_MESSAGE 0x80090326)"
"PK-BEA-007","CeraVe Personal Skincare & Wellness Formulation #7","Beauty & Personal Care","Retailer hotlink blocking: Cloudflare TLS handshake rejection (SEC_E_ILLEGAL_MESSAGE 0x80090326)"
"PK-BEA-008","Saeed Ghani Personal Skincare & Wellness Formulation #8","Beauty & Personal Care","Retailer hotlink blocking: Cloudflare TLS handshake rejection (SEC_E_ILLEGAL_MESSAGE 0x80090326)"
"PK-BEA-009","Hemani Personal Skincare & Wellness Formulation #9","Beauty & Personal Care","Retailer hotlink blocking: Cloudflare TLS handshake rejection (SEC_E_ILLEGAL_MESSAGE 0x80090326)"
"PK-BEA-010","J. Personal Skincare & Wellness Formulation #10","Beauty & Personal Care","Retailer hotlink blocking: Cloudflare TLS handshake rejection (SEC_E_ILLEGAL_MESSAGE 0x80090326)"
"PK-BEA-011","CeraVe Personal Skincare & Wellness Formulation #11","Beauty & Personal Care","Retailer hotlink blocking: Cloudflare TLS handshake rejection (SEC_E_ILLEGAL_MESSAGE 0x80090326)"
"PK-BEA-012","Saeed Ghani Personal Skincare & Wellness Formulation #12","Beauty & Personal Care","Retailer hotlink blocking: Cloudflare TLS handshake rejection (SEC_E_ILLEGAL_MESSAGE 0x80090326)"
"PK-BEA-013","Hemani Personal Skincare & Wellness Formulation #13","Beauty & Personal Care","Retailer hotlink blocking: Cloudflare TLS handshake rejection (SEC_E_ILLEGAL_MESSAGE 0x80090326)"
"PK-BEA-014","J. Personal Skincare & Wellness Formulation #14","Beauty & Personal Care","Retailer hotlink blocking: Cloudflare TLS handshake rejection (SEC_E_ILLEGAL_MESSAGE 0x80090326)"
"PK-BEA-015","CeraVe Personal Skincare & Wellness Formulation #15","Beauty & Personal Care","Retailer hotlink blocking: Cloudflare TLS handshake rejection (SEC_E_ILLEGAL_MESSAGE 0x80090326)"
"PK-BEA-016","Saeed Ghani Personal Skincare & Wellness Formulation #16","Beauty & Personal Care","Retailer hotlink blocking: Cloudflare TLS handshake rejection (SEC_E_ILLEGAL_MESSAGE 0x80090326)"
"PK-BEA-017","Hemani Personal Skincare & Wellness Formulation #17","Beauty & Personal Care","Retailer hotlink blocking: Cloudflare TLS handshake rejection (SEC_E_ILLEGAL_MESSAGE 0x80090326)"
"PK-BEA-018","J. Personal Skincare & Wellness Formulation #18","Beauty & Personal Care","Retailer hotlink blocking: Cloudflare TLS handshake rejection (SEC_E_ILLEGAL_MESSAGE 0x80090326)"
"PK-BEA-019","CeraVe Personal Skincare & Wellness Formulation #19","Beauty & Personal Care","Retailer hotlink blocking: Cloudflare TLS handshake rejection (SEC_E_ILLEGAL_MESSAGE 0x80090326)"
"PK-BEA-020","Saeed Ghani Personal Skincare & Wellness Formulation #20","Beauty & Personal Care","Retailer hotlink blocking: Cloudflare TLS handshake rejection (SEC_E_ILLEGAL_MESSAGE 0x80090326)"
"PK-BEA-021","Hemani Personal Skincare & Wellness Formulation #21","Beauty & Personal Care","Retailer hotlink blocking: Cloudflare TLS handshake rejection (SEC_E_ILLEGAL_MESSAGE 0x80090326)"
"PK-BEA-022","J. Personal Skincare & Wellness Formulation #22","Beauty & Personal Care","Retailer hotlink blocking: Cloudflare TLS handshake rejection (SEC_E_ILLEGAL_MESSAGE 0x80090326)"
"PK-BEA-023","CeraVe Personal Skincare & Wellness Formulation #23","Beauty & Personal Care","Retailer hotlink blocking: Cloudflare TLS handshake rejection (SEC_E_ILLEGAL_MESSAGE 0x80090326)"
"PK-BEA-024","Saeed Ghani Personal Skincare & Wellness Formulation #24","Beauty & Personal Care","Retailer hotlink blocking: Cloudflare TLS handshake rejection (SEC_E_ILLEGAL_MESSAGE 0x80090326)"
"PK-BEA-025","Hemani Personal Skincare & Wellness Formulation #25","Beauty & Personal Care","Retailer hotlink blocking: Cloudflare TLS handshake rejection (SEC_E_ILLEGAL_MESSAGE 0x80090326)"
"PK-BEA-026","J. Personal Skincare & Wellness Formulation #26","Beauty & Personal Care","Retailer hotlink blocking: Cloudflare TLS handshake rejection (SEC_E_ILLEGAL_MESSAGE 0x80090326)"
"PK-BEA-027","CeraVe Personal Skincare & Wellness Formulation #27","Beauty & Personal Care","Retailer hotlink blocking: Cloudflare TLS handshake rejection (SEC_E_ILLEGAL_MESSAGE 0x80090326)"
"PK-BEA-028","Saeed Ghani Personal Skincare & Wellness Formulation #28","Beauty & Personal Care","Retailer hotlink blocking: Cloudflare TLS handshake rejection (SEC_E_ILLEGAL_MESSAGE 0x80090326)"
"PK-BEA-029","Hemani Personal Skincare & Wellness Formulation #29","Beauty & Personal Care","Retailer hotlink blocking: Cloudflare TLS handshake rejection (SEC_E_ILLEGAL_MESSAGE 0x80090326)"
"PK-BEA-030","J. Personal Skincare & Wellness Formulation #30","Beauty & Personal Care","Retailer hotlink blocking: Cloudflare TLS handshake rejection (SEC_E_ILLEGAL_MESSAGE 0x80090326)"
"PK-BEA-031","CeraVe Personal Skincare & Wellness Formulation #31","Beauty & Personal Care","Retailer hotlink blocking: Cloudflare TLS handshake rejection (SEC_E_ILLEGAL_MESSAGE 0x80090326)"
"PK-BEA-032","Saeed Ghani Personal Skincare & Wellness Formulation #32","Beauty & Personal Care","Retailer hotlink blocking: Cloudflare TLS handshake rejection (SEC_E_ILLEGAL_MESSAGE 0x80090326)"
"PK-BEA-033","Hemani Personal Skincare & Wellness Formulation #33","Beauty & Personal Care","Retailer hotlink blocking: Cloudflare TLS handshake rejection (SEC_E_ILLEGAL_MESSAGE 0x80090326)"
"PK-BEA-034","J. Personal Skincare & Wellness Formulation #34","Beauty & Personal Care","Retailer hotlink blocking: Cloudflare TLS handshake rejection (SEC_E_ILLEGAL_MESSAGE 0x80090326)"
"PK-BEA-035","CeraVe Personal Skincare & Wellness Formulation #35","Beauty & Personal Care","Retailer hotlink blocking: Cloudflare TLS handshake rejection (SEC_E_ILLEGAL_MESSAGE 0x80090326)"
"PK-BEA-036","Saeed Ghani Personal Skincare & Wellness Formulation #36","Beauty & Personal Care","Retailer hotlink blocking: Cloudflare TLS handshake rejection (SEC_E_ILLEGAL_MESSAGE 0x80090326)"
"PK-BEA-037","Hemani Personal Skincare & Wellness Formulation #37","Beauty & Personal Care","Retailer hotlink blocking: Cloudflare TLS handshake rejection (SEC_E_ILLEGAL_MESSAGE 0x80090326)"
"PK-BEA-038","J. Personal Skincare & Wellness Formulation #38","Beauty & Personal Care","Retailer hotlink blocking: Cloudflare TLS handshake rejection (SEC_E_ILLEGAL_MESSAGE 0x80090326)"
"PK-BEA-039","CeraVe Personal Skincare & Wellness Formulation #39","Beauty & Personal Care","Retailer hotlink blocking: Cloudflare TLS handshake rejection (SEC_E_ILLEGAL_MESSAGE 0x80090326)"
"PK-BEA-040","Saeed Ghani Personal Skincare & Wellness Formulation #40","Beauty & Personal Care","Retailer hotlink blocking: Cloudflare TLS handshake rejection (SEC_E_ILLEGAL_MESSAGE 0x80090326)"
"PK-BEA-041","Hemani Personal Skincare & Wellness Formulation #41","Beauty & Personal Care","Retailer hotlink blocking: Cloudflare TLS handshake rejection (SEC_E_ILLEGAL_MESSAGE 0x80090326)"
"PK-BEA-042","J. Personal Skincare & Wellness Formulation #42","Beauty & Personal Care","Retailer hotlink blocking: Cloudflare TLS handshake rejection (SEC_E_ILLEGAL_MESSAGE 0x80090326)"
"PK-BEA-043","CeraVe Personal Skincare & Wellness Formulation #43","Beauty & Personal Care","Retailer hotlink blocking: Cloudflare TLS handshake rejection (SEC_E_ILLEGAL_MESSAGE 0x80090326)"
"PK-BEA-044","Saeed Ghani Personal Skincare & Wellness Formulation #44","Beauty & Personal Care","Retailer hotlink blocking: Cloudflare TLS handshake rejection (SEC_E_ILLEGAL_MESSAGE 0x80090326)"
"PK-BEA-045","Hemani Personal Skincare & Wellness Formulation #45","Beauty & Personal Care","Retailer hotlink blocking: Cloudflare TLS handshake rejection (SEC_E_ILLEGAL_MESSAGE 0x80090326)"
"PK-BEA-046","J. Personal Skincare & Wellness Formulation #46","Beauty & Personal Care","Retailer hotlink blocking: Cloudflare TLS handshake rejection (SEC_E_ILLEGAL_MESSAGE 0x80090326)"
"PK-BEA-047","CeraVe Personal Skincare & Wellness Formulation #47","Beauty & Personal Care","Retailer hotlink blocking: Cloudflare TLS handshake rejection (SEC_E_ILLEGAL_MESSAGE 0x80090326)"
"PK-BEA-048","Saeed Ghani Personal Skincare & Wellness Formulation #48","Beauty & Personal Care","Retailer hotlink blocking: Cloudflare TLS handshake rejection (SEC_E_ILLEGAL_MESSAGE 0x80090326)"
"PK-BEA-049","Hemani Personal Skincare & Wellness Formulation #49","Beauty & Personal Care","Retailer hotlink blocking: Cloudflare TLS handshake rejection (SEC_E_ILLEGAL_MESSAGE 0x80090326)"
"PK-BEA-050","J. Personal Skincare & Wellness Formulation #50","Beauty & Personal Care","Retailer hotlink blocking: Cloudflare TLS handshake rejection (SEC_E_ILLEGAL_MESSAGE 0x80090326)"
"PK-BEA-051","CeraVe Personal Skincare & Wellness Formulation #51","Beauty & Personal Care","Retailer hotlink blocking: Cloudflare TLS handshake rejection (SEC_E_ILLEGAL_MESSAGE 0x80090326)"
"PK-BEA-052","Saeed Ghani Personal Skincare & Wellness Formulation #52","Beauty & Personal Care","Retailer hotlink blocking: Cloudflare TLS handshake rejection (SEC_E_ILLEGAL_MESSAGE 0x80090326)"
"PK-HLT-004","Nutrifactor Ginseng 500mg Energy Booster & Vitality 30 Capsules","Health & Wellness","Retailer hotlink blocking: Cloudflare TLS handshake rejection (SEC_E_ILLEGAL_MESSAGE 0x80090326)"
"PK-HLT-005","Abbott Ensure Complete Balanced Nutrition Vanilla Milk Powder 400g Tin","Health & Wellness","Retailer hotlink blocking: Cloudflare TLS handshake rejection (SEC_E_ILLEGAL_MESSAGE 0x80090326)"
"PK-HLT-006","D-Watson Digital Medical Body Thermometer with Fever Alarm & LCD","Health & Wellness","Retailer hotlink blocking: Cloudflare TLS handshake rejection (SEC_E_ILLEGAL_MESSAGE 0x80090326)"
"PK-HLT-007","Omron Clinical Health & Wellness Essential #7","Health & Wellness","Retailer hotlink blocking: Cloudflare TLS handshake rejection (SEC_E_ILLEGAL_MESSAGE 0x80090326)"
"PK-HLT-008","Abbott Clinical Health & Wellness Essential #8","Health & Wellness","Retailer hotlink blocking: Cloudflare TLS handshake rejection (SEC_E_ILLEGAL_MESSAGE 0x80090326)"
"PK-HLT-009","Nutrifactor Clinical Health & Wellness Essential #9","Health & Wellness","Retailer hotlink blocking: Cloudflare TLS handshake rejection (SEC_E_ILLEGAL_MESSAGE 0x80090326)"
"PK-HLT-010","Omron Clinical Health & Wellness Essential #10","Health & Wellness","Retailer hotlink blocking: Cloudflare TLS handshake rejection (SEC_E_ILLEGAL_MESSAGE 0x80090326)"
"PK-HLT-011","Abbott Clinical Health & Wellness Essential #11","Health & Wellness","Retailer hotlink blocking: Cloudflare TLS handshake rejection (SEC_E_ILLEGAL_MESSAGE 0x80090326)"
"PK-HLT-012","Nutrifactor Clinical Health & Wellness Essential #12","Health & Wellness","Retailer hotlink blocking: Cloudflare TLS handshake rejection (SEC_E_ILLEGAL_MESSAGE 0x80090326)"
"PK-HLT-013","Omron Clinical Health & Wellness Essential #13","Health & Wellness","Retailer hotlink blocking: Cloudflare TLS handshake rejection (SEC_E_ILLEGAL_MESSAGE 0x80090326)"
"PK-HLT-014","Abbott Clinical Health & Wellness Essential #14","Health & Wellness","Retailer hotlink blocking: Cloudflare TLS handshake rejection (SEC_E_ILLEGAL_MESSAGE 0x80090326)"
"PK-HLT-015","Nutrifactor Clinical Health & Wellness Essential #15","Health & Wellness","Retailer hotlink blocking: Cloudflare TLS handshake rejection (SEC_E_ILLEGAL_MESSAGE 0x80090326)"
"PK-HLT-016","Omron Clinical Health & Wellness Essential #16","Health & Wellness","Retailer hotlink blocking: Cloudflare TLS handshake rejection (SEC_E_ILLEGAL_MESSAGE 0x80090326)"
"PK-HLT-017","Abbott Clinical Health & Wellness Essential #17","Health & Wellness","Retailer hotlink blocking: Cloudflare TLS handshake rejection (SEC_E_ILLEGAL_MESSAGE 0x80090326)"
"PK-HLT-018","Nutrifactor Clinical Health & Wellness Essential #18","Health & Wellness","Retailer hotlink blocking: Cloudflare TLS handshake rejection (SEC_E_ILLEGAL_MESSAGE 0x80090326)"
"PK-HLT-019","Omron Clinical Health & Wellness Essential #19","Health & Wellness","Retailer hotlink blocking: Cloudflare TLS handshake rejection (SEC_E_ILLEGAL_MESSAGE 0x80090326)"
"PK-HLT-020","Abbott Clinical Health & Wellness Essential #20","Health & Wellness","Retailer hotlink blocking: Cloudflare TLS handshake rejection (SEC_E_ILLEGAL_MESSAGE 0x80090326)"
"PK-HLT-021","Nutrifactor Clinical Health & Wellness Essential #21","Health & Wellness","Retailer hotlink blocking: Cloudflare TLS handshake rejection (SEC_E_ILLEGAL_MESSAGE 0x80090326)"
"PK-HLT-022","Omron Clinical Health & Wellness Essential #22","Health & Wellness","Retailer hotlink blocking: Cloudflare TLS handshake rejection (SEC_E_ILLEGAL_MESSAGE 0x80090326)"
"PK-HLT-023","Abbott Clinical Health & Wellness Essential #23","Health & Wellness","Retailer hotlink blocking: Cloudflare TLS handshake rejection (SEC_E_ILLEGAL_MESSAGE 0x80090326)"
"PK-HLT-024","Nutrifactor Clinical Health & Wellness Essential #24","Health & Wellness","Retailer hotlink blocking: Cloudflare TLS handshake rejection (SEC_E_ILLEGAL_MESSAGE 0x80090326)"
"PK-HLT-025","Omron Clinical Health & Wellness Essential #25","Health & Wellness","Retailer hotlink blocking: Cloudflare TLS handshake rejection (SEC_E_ILLEGAL_MESSAGE 0x80090326)"
"PK-HLT-026","Abbott Clinical Health & Wellness Essential #26","Health & Wellness","Retailer hotlink blocking: Cloudflare TLS handshake rejection (SEC_E_ILLEGAL_MESSAGE 0x80090326)"
"PK-HLT-027","Nutrifactor Clinical Health & Wellness Essential #27","Health & Wellness","Retailer hotlink blocking: Cloudflare TLS handshake rejection (SEC_E_ILLEGAL_MESSAGE 0x80090326)"
"PK-HLT-028","Omron Clinical Health & Wellness Essential #28","Health & Wellness","Retailer hotlink blocking: Cloudflare TLS handshake rejection (SEC_E_ILLEGAL_MESSAGE 0x80090326)"
"PK-HLT-029","Abbott Clinical Health & Wellness Essential #29","Health & Wellness","Retailer hotlink blocking: Cloudflare TLS handshake rejection (SEC_E_ILLEGAL_MESSAGE 0x80090326)"
"PK-HLT-030","Nutrifactor Clinical Health & Wellness Essential #30","Health & Wellness","Retailer hotlink blocking: Cloudflare TLS handshake rejection (SEC_E_ILLEGAL_MESSAGE 0x80090326)"
"PK-HLT-031","Omron Clinical Health & Wellness Essential #31","Health & Wellness","Retailer hotlink blocking: Cloudflare TLS handshake rejection (SEC_E_ILLEGAL_MESSAGE 0x80090326)"
"PK-HLT-032","Abbott Clinical Health & Wellness Essential #32","Health & Wellness","Retailer hotlink blocking: Cloudflare TLS handshake rejection (SEC_E_ILLEGAL_MESSAGE 0x80090326)"
"PK-HLT-033","Nutrifactor Clinical Health & Wellness Essential #33","Health & Wellness","Retailer hotlink blocking: Cloudflare TLS handshake rejection (SEC_E_ILLEGAL_MESSAGE 0x80090326)"
"PK-HLT-034","Omron Clinical Health & Wellness Essential #34","Health & Wellness","Retailer hotlink blocking: Cloudflare TLS handshake rejection (SEC_E_ILLEGAL_MESSAGE 0x80090326)"
"PK-HLT-035","Abbott Clinical Health & Wellness Essential #35","Health & Wellness","Retailer hotlink blocking: Cloudflare TLS handshake rejection (SEC_E_ILLEGAL_MESSAGE 0x80090326)"
"PK-HLT-036","Nutrifactor Clinical Health & Wellness Essential #36","Health & Wellness","Retailer hotlink blocking: Cloudflare TLS handshake rejection (SEC_E_ILLEGAL_MESSAGE 0x80090326)"
"PK-HLT-037","Omron Clinical Health & Wellness Essential #37","Health & Wellness","Retailer hotlink blocking: Cloudflare TLS handshake rejection (SEC_E_ILLEGAL_MESSAGE 0x80090326)"
"PK-HLT-038","Abbott Clinical Health & Wellness Essential #38","Health & Wellness","Retailer hotlink blocking: Cloudflare TLS handshake rejection (SEC_E_ILLEGAL_MESSAGE 0x80090326)"
"PK-HLT-039","Nutrifactor Clinical Health & Wellness Essential #39","Health & Wellness","Retailer hotlink blocking: Cloudflare TLS handshake rejection (SEC_E_ILLEGAL_MESSAGE 0x80090326)"
"PK-HLT-040","Omron Clinical Health & Wellness Essential #40","Health & Wellness","Retailer hotlink blocking: Cloudflare TLS handshake rejection (SEC_E_ILLEGAL_MESSAGE 0x80090326)"
"PK-HLT-041","Abbott Clinical Health & Wellness Essential #41","Health & Wellness","Retailer hotlink blocking: Cloudflare TLS handshake rejection (SEC_E_ILLEGAL_MESSAGE 0x80090326)"
"PK-HLT-042","Nutrifactor Clinical Health & Wellness Essential #42","Health & Wellness","Retailer hotlink blocking: Cloudflare TLS handshake rejection (SEC_E_ILLEGAL_MESSAGE 0x80090326)"
"PK-HLT-043","Omron Clinical Health & Wellness Essential #43","Health & Wellness","Retailer hotlink blocking: Cloudflare TLS handshake rejection (SEC_E_ILLEGAL_MESSAGE 0x80090326)"
"PK-HLT-044","Abbott Clinical Health & Wellness Essential #44","Health & Wellness","Retailer hotlink blocking: Cloudflare TLS handshake rejection (SEC_E_ILLEGAL_MESSAGE 0x80090326)"
"PK-HLT-045","Nutrifactor Clinical Health & Wellness Essential #45","Health & Wellness","Retailer hotlink blocking: Cloudflare TLS handshake rejection (SEC_E_ILLEGAL_MESSAGE 0x80090326)"
"PK-HLT-046","Omron Clinical Health & Wellness Essential #46","Health & Wellness","Retailer hotlink blocking: Cloudflare TLS handshake rejection (SEC_E_ILLEGAL_MESSAGE 0x80090326)"
"PK-HLT-047","Abbott Clinical Health & Wellness Essential #47","Health & Wellness","Retailer hotlink blocking: Cloudflare TLS handshake rejection (SEC_E_ILLEGAL_MESSAGE 0x80090326)"
"PK-HLT-048","Nutrifactor Clinical Health & Wellness Essential #48","Health & Wellness","Retailer hotlink blocking: Cloudflare TLS handshake rejection (SEC_E_ILLEGAL_MESSAGE 0x80090326)"
"PK-HLT-049","Omron Clinical Health & Wellness Essential #49","Health & Wellness","Retailer hotlink blocking: Cloudflare TLS handshake rejection (SEC_E_ILLEGAL_MESSAGE 0x80090326)"
"PK-HLT-050","Abbott Clinical Health & Wellness Essential #50","Health & Wellness","Retailer hotlink blocking: Cloudflare TLS handshake rejection (SEC_E_ILLEGAL_MESSAGE 0x80090326)"
"PK-HLT-051","Nutrifactor Clinical Health & Wellness Essential #51","Health & Wellness","Retailer hotlink blocking: Cloudflare TLS handshake rejection (SEC_E_ILLEGAL_MESSAGE 0x80090326)"
"PK-HLT-052","Omron Clinical Health & Wellness Essential #52","Health & Wellness","Retailer hotlink blocking: Cloudflare TLS handshake rejection (SEC_E_ILLEGAL_MESSAGE 0x80090326)"
"PK-GRO-004","National Tomato Ketchup 1kg Standing Spout Pouch","Grocery & Beverages","Retailer hotlink blocking: Cloudflare TLS handshake rejection (SEC_E_ILLEGAL_MESSAGE 0x80090326)"
"PK-GRO-005","Olper's Full Cream Pure Milk 1 Litre Pack of 12 Cartons","Grocery & Beverages","Retailer hotlink blocking: Cloudflare TLS handshake rejection (SEC_E_ILLEGAL_MESSAGE 0x80090326)"
"PK-GRO-006","Mehran Super Kernel Basmati Rice 5kg Premium Jute Bag","Grocery & Beverages","Retailer hotlink blocking: Cloudflare TLS handshake rejection (SEC_E_ILLEGAL_MESSAGE 0x80090326)"
"PK-GRO-007","Dalda Authentic Pakistani Pantry Essential #7","Grocery & Beverages","Retailer hotlink blocking: Cloudflare TLS handshake rejection (SEC_E_ILLEGAL_MESSAGE 0x80090326)"
"PK-GRO-008","Shan Foods Authentic Pakistani Pantry Essential #8","Grocery & Beverages","Retailer hotlink blocking: Cloudflare TLS handshake rejection (SEC_E_ILLEGAL_MESSAGE 0x80090326)"
"PK-GRO-009","National Foods Authentic Pakistani Pantry Essential #9","Grocery & Beverages","Retailer hotlink blocking: Cloudflare TLS handshake rejection (SEC_E_ILLEGAL_MESSAGE 0x80090326)"
"PK-GRO-010","Tapal Authentic Pakistani Pantry Essential #10","Grocery & Beverages","Retailer hotlink blocking: Cloudflare TLS handshake rejection (SEC_E_ILLEGAL_MESSAGE 0x80090326)"
"PK-GRO-011","Dalda Authentic Pakistani Pantry Essential #11","Grocery & Beverages","Retailer hotlink blocking: Cloudflare TLS handshake rejection (SEC_E_ILLEGAL_MESSAGE 0x80090326)"
"PK-GRO-012","Shan Foods Authentic Pakistani Pantry Essential #12","Grocery & Beverages","Retailer hotlink blocking: Cloudflare TLS handshake rejection (SEC_E_ILLEGAL_MESSAGE 0x80090326)"
"PK-GRO-013","National Foods Authentic Pakistani Pantry Essential #13","Grocery & Beverages","Retailer hotlink blocking: Cloudflare TLS handshake rejection (SEC_E_ILLEGAL_MESSAGE 0x80090326)"
"PK-GRO-014","Tapal Authentic Pakistani Pantry Essential #14","Grocery & Beverages","Retailer hotlink blocking: Cloudflare TLS handshake rejection (SEC_E_ILLEGAL_MESSAGE 0x80090326)"
"PK-GRO-015","Dalda Authentic Pakistani Pantry Essential #15","Grocery & Beverages","Retailer hotlink blocking: Cloudflare TLS handshake rejection (SEC_E_ILLEGAL_MESSAGE 0x80090326)"
"PK-GRO-016","Shan Foods Authentic Pakistani Pantry Essential #16","Grocery & Beverages","Retailer hotlink blocking: Cloudflare TLS handshake rejection (SEC_E_ILLEGAL_MESSAGE 0x80090326)"
"PK-GRO-017","National Foods Authentic Pakistani Pantry Essential #17","Grocery & Beverages","Retailer hotlink blocking: Cloudflare TLS handshake rejection (SEC_E_ILLEGAL_MESSAGE 0x80090326)"
"PK-GRO-018","Tapal Authentic Pakistani Pantry Essential #18","Grocery & Beverages","Retailer hotlink blocking: Cloudflare TLS handshake rejection (SEC_E_ILLEGAL_MESSAGE 0x80090326)"
"PK-GRO-019","Dalda Authentic Pakistani Pantry Essential #19","Grocery & Beverages","Retailer hotlink blocking: Cloudflare TLS handshake rejection (SEC_E_ILLEGAL_MESSAGE 0x80090326)"
"PK-GRO-020","Shan Foods Authentic Pakistani Pantry Essential #20","Grocery & Beverages","Retailer hotlink blocking: Cloudflare TLS handshake rejection (SEC_E_ILLEGAL_MESSAGE 0x80090326)"
"PK-GRO-021","National Foods Authentic Pakistani Pantry Essential #21","Grocery & Beverages","Retailer hotlink blocking: Cloudflare TLS handshake rejection (SEC_E_ILLEGAL_MESSAGE 0x80090326)"
"PK-GRO-022","Tapal Authentic Pakistani Pantry Essential #22","Grocery & Beverages","Retailer hotlink blocking: Cloudflare TLS handshake rejection (SEC_E_ILLEGAL_MESSAGE 0x80090326)"
"PK-GRO-023","Dalda Authentic Pakistani Pantry Essential #23","Grocery & Beverages","Retailer hotlink blocking: Cloudflare TLS handshake rejection (SEC_E_ILLEGAL_MESSAGE 0x80090326)"
"PK-GRO-024","Shan Foods Authentic Pakistani Pantry Essential #24","Grocery & Beverages","Retailer hotlink blocking: Cloudflare TLS handshake rejection (SEC_E_ILLEGAL_MESSAGE 0x80090326)"
"PK-GRO-025","National Foods Authentic Pakistani Pantry Essential #25","Grocery & Beverages","Retailer hotlink blocking: Cloudflare TLS handshake rejection (SEC_E_ILLEGAL_MESSAGE 0x80090326)"
"PK-GRO-026","Tapal Authentic Pakistani Pantry Essential #26","Grocery & Beverages","Retailer hotlink blocking: Cloudflare TLS handshake rejection (SEC_E_ILLEGAL_MESSAGE 0x80090326)"
"PK-GRO-027","Dalda Authentic Pakistani Pantry Essential #27","Grocery & Beverages","Retailer hotlink blocking: Cloudflare TLS handshake rejection (SEC_E_ILLEGAL_MESSAGE 0x80090326)"
"PK-GRO-028","Shan Foods Authentic Pakistani Pantry Essential #28","Grocery & Beverages","Retailer hotlink blocking: Cloudflare TLS handshake rejection (SEC_E_ILLEGAL_MESSAGE 0x80090326)"
"PK-GRO-029","National Foods Authentic Pakistani Pantry Essential #29","Grocery & Beverages","Retailer hotlink blocking: Cloudflare TLS handshake rejection (SEC_E_ILLEGAL_MESSAGE 0x80090326)"
"PK-GRO-030","Tapal Authentic Pakistani Pantry Essential #30","Grocery & Beverages","Retailer hotlink blocking: Cloudflare TLS handshake rejection (SEC_E_ILLEGAL_MESSAGE 0x80090326)"
"PK-GRO-031","Dalda Authentic Pakistani Pantry Essential #31","Grocery & Beverages","Retailer hotlink blocking: Cloudflare TLS handshake rejection (SEC_E_ILLEGAL_MESSAGE 0x80090326)"
"PK-GRO-032","Shan Foods Authentic Pakistani Pantry Essential #32","Grocery & Beverages","Retailer hotlink blocking: Cloudflare TLS handshake rejection (SEC_E_ILLEGAL_MESSAGE 0x80090326)"
"PK-GRO-033","National Foods Authentic Pakistani Pantry Essential #33","Grocery & Beverages","Retailer hotlink blocking: Cloudflare TLS handshake rejection (SEC_E_ILLEGAL_MESSAGE 0x80090326)"
"PK-GRO-034","Tapal Authentic Pakistani Pantry Essential #34","Grocery & Beverages","Retailer hotlink blocking: Cloudflare TLS handshake rejection (SEC_E_ILLEGAL_MESSAGE 0x80090326)"
"PK-GRO-035","Dalda Authentic Pakistani Pantry Essential #35","Grocery & Beverages","Retailer hotlink blocking: Cloudflare TLS handshake rejection (SEC_E_ILLEGAL_MESSAGE 0x80090326)"
"PK-GRO-036","Shan Foods Authentic Pakistani Pantry Essential #36","Grocery & Beverages","Retailer hotlink blocking: Cloudflare TLS handshake rejection (SEC_E_ILLEGAL_MESSAGE 0x80090326)"
"PK-GRO-037","National Foods Authentic Pakistani Pantry Essential #37","Grocery & Beverages","Retailer hotlink blocking: Cloudflare TLS handshake rejection (SEC_E_ILLEGAL_MESSAGE 0x80090326)"
"PK-GRO-038","Tapal Authentic Pakistani Pantry Essential #38","Grocery & Beverages","Retailer hotlink blocking: Cloudflare TLS handshake rejection (SEC_E_ILLEGAL_MESSAGE 0x80090326)"
"PK-GRO-039","Dalda Authentic Pakistani Pantry Essential #39","Grocery & Beverages","Retailer hotlink blocking: Cloudflare TLS handshake rejection (SEC_E_ILLEGAL_MESSAGE 0x80090326)"
"PK-GRO-040","Shan Foods Authentic Pakistani Pantry Essential #40","Grocery & Beverages","Retailer hotlink blocking: Cloudflare TLS handshake rejection (SEC_E_ILLEGAL_MESSAGE 0x80090326)"
"PK-GRO-041","National Foods Authentic Pakistani Pantry Essential #41","Grocery & Beverages","Retailer hotlink blocking: Cloudflare TLS handshake rejection (SEC_E_ILLEGAL_MESSAGE 0x80090326)"
"PK-GRO-042","Tapal Authentic Pakistani Pantry Essential #42","Grocery & Beverages","Retailer hotlink blocking: Cloudflare TLS handshake rejection (SEC_E_ILLEGAL_MESSAGE 0x80090326)"
"PK-GRO-043","Dalda Authentic Pakistani Pantry Essential #43","Grocery & Beverages","Retailer hotlink blocking: Cloudflare TLS handshake rejection (SEC_E_ILLEGAL_MESSAGE 0x80090326)"
"PK-GRO-044","Shan Foods Authentic Pakistani Pantry Essential #44","Grocery & Beverages","Retailer hotlink blocking: Cloudflare TLS handshake rejection (SEC_E_ILLEGAL_MESSAGE 0x80090326)"
"PK-GRO-045","National Foods Authentic Pakistani Pantry Essential #45","Grocery & Beverages","Retailer hotlink blocking: Cloudflare TLS handshake rejection (SEC_E_ILLEGAL_MESSAGE 0x80090326)"
"PK-GRO-046","Tapal Authentic Pakistani Pantry Essential #46","Grocery & Beverages","Retailer hotlink blocking: Cloudflare TLS handshake rejection (SEC_E_ILLEGAL_MESSAGE 0x80090326)"
"PK-GRO-047","Dalda Authentic Pakistani Pantry Essential #47","Grocery & Beverages","Retailer hotlink blocking: Cloudflare TLS handshake rejection (SEC_E_ILLEGAL_MESSAGE 0x80090326)"
"PK-GRO-048","Shan Foods Authentic Pakistani Pantry Essential #48","Grocery & Beverages","Retailer hotlink blocking: Cloudflare TLS handshake rejection (SEC_E_ILLEGAL_MESSAGE 0x80090326)"
"PK-GRO-049","National Foods Authentic Pakistani Pantry Essential #49","Grocery & Beverages","Retailer hotlink blocking: Cloudflare TLS handshake rejection (SEC_E_ILLEGAL_MESSAGE 0x80090326)"
"PK-GRO-050","Tapal Authentic Pakistani Pantry Essential #50","Grocery & Beverages","Retailer hotlink blocking: Cloudflare TLS handshake rejection (SEC_E_ILLEGAL_MESSAGE 0x80090326)"
"PK-GRO-051","Dalda Authentic Pakistani Pantry Essential #51","Grocery & Beverages","Retailer hotlink blocking: Cloudflare TLS handshake rejection (SEC_E_ILLEGAL_MESSAGE 0x80090326)"
"PK-GRO-052","Shan Foods Authentic Pakistani Pantry Essential #52","Grocery & Beverages","Retailer hotlink blocking: Cloudflare TLS handshake rejection (SEC_E_ILLEGAL_MESSAGE 0x80090326)"
"PK-HLV-004","Nishat Home Quilted Waterproof Mattress Protector King 180x200cm","Home & Living","Retailer hotlink blocking: Cloudflare TLS handshake rejection (SEC_E_ILLEGAL_MESSAGE 0x80090326)"
"PK-HLV-005","Ideas Home Embroidered Velvet Cushion Covers 16x16 Inch Set of 4 Gold & Emerald","Home & Living","Retailer hotlink blocking: Cloudflare TLS handshake rejection (SEC_E_ILLEGAL_MESSAGE 0x80090326)"
"PK-HLV-006","Habitt Thermal Blackout Eyelet Window Curtains Pair 54x90 Inch Ash Grey","Home & Living","Invalid generated URL: retailer returned 404 Not Found"
"PK-HLV-007","Habitt Home Living Comfort Textile #7","Home & Living","Invalid generated URL: retailer returned 404 Not Found"
"PK-HLV-008","ChenOne Home Living Comfort Textile #8","Home & Living","Invalid generated URL: retailer returned 404 Not Found"
"PK-HLV-009","Ideas Home Home Living Comfort Textile #9","Home & Living","Invalid generated URL: retailer returned 404 Not Found"
"PK-HLV-010","Habitt Home Living Comfort Textile #10","Home & Living","Invalid generated URL: retailer returned 404 Not Found"
"PK-HLV-011","ChenOne Home Living Comfort Textile #11","Home & Living","Invalid generated URL: retailer returned 404 Not Found"
"PK-HLV-012","Ideas Home Home Living Comfort Textile #12","Home & Living","Invalid generated URL: retailer returned 404 Not Found"
"PK-HLV-013","Habitt Home Living Comfort Textile #13","Home & Living","Invalid generated URL: retailer returned 404 Not Found"
"PK-HLV-014","ChenOne Home Living Comfort Textile #14","Home & Living","Invalid generated URL: retailer returned 404 Not Found"
"PK-HLV-015","Ideas Home Home Living Comfort Textile #15","Home & Living","Invalid generated URL: retailer returned 404 Not Found"
"PK-HLV-016","Habitt Home Living Comfort Textile #16","Home & Living","Invalid generated URL: retailer returned 404 Not Found"
"PK-HLV-017","ChenOne Home Living Comfort Textile #17","Home & Living","Invalid generated URL: retailer returned 404 Not Found"
"PK-HLV-018","Ideas Home Home Living Comfort Textile #18","Home & Living","Invalid generated URL: retailer returned 404 Not Found"
"PK-HLV-019","Habitt Home Living Comfort Textile #19","Home & Living","Invalid generated URL: retailer returned 404 Not Found"
"PK-HLV-020","ChenOne Home Living Comfort Textile #20","Home & Living","Invalid generated URL: retailer returned 404 Not Found"
"PK-HLV-021","Ideas Home Home Living Comfort Textile #21","Home & Living","Invalid generated URL: retailer returned 404 Not Found"
"PK-HLV-022","Habitt Home Living Comfort Textile #22","Home & Living","Invalid generated URL: retailer returned 404 Not Found"
"PK-HLV-023","ChenOne Home Living Comfort Textile #23","Home & Living","Invalid generated URL: retailer returned 404 Not Found"
"PK-HLV-024","Ideas Home Home Living Comfort Textile #24","Home & Living","Invalid generated URL: retailer returned 404 Not Found"
"PK-HLV-025","Habitt Home Living Comfort Textile #25","Home & Living","Invalid generated URL: retailer returned 404 Not Found"
"PK-HLV-026","ChenOne Home Living Comfort Textile #26","Home & Living","Invalid generated URL: retailer returned 404 Not Found"
"PK-HLV-027","Ideas Home Home Living Comfort Textile #27","Home & Living","Invalid generated URL: retailer returned 404 Not Found"
"PK-HLV-028","Habitt Home Living Comfort Textile #28","Home & Living","Invalid generated URL: retailer returned 404 Not Found"
"PK-HLV-029","ChenOne Home Living Comfort Textile #29","Home & Living","Invalid generated URL: retailer returned 404 Not Found"
"PK-HLV-030","Ideas Home Home Living Comfort Textile #30","Home & Living","Invalid generated URL: retailer returned 404 Not Found"
"PK-HLV-031","Habitt Home Living Comfort Textile #31","Home & Living","Invalid generated URL: retailer returned 404 Not Found"
"PK-HLV-032","ChenOne Home Living Comfort Textile #32","Home & Living","Invalid generated URL: retailer returned 404 Not Found"
"PK-HLV-033","Ideas Home Home Living Comfort Textile #33","Home & Living","Invalid generated URL: retailer returned 404 Not Found"
"PK-HLV-034","Habitt Home Living Comfort Textile #34","Home & Living","Invalid generated URL: retailer returned 404 Not Found"
"PK-HLV-035","ChenOne Home Living Comfort Textile #35","Home & Living","Invalid generated URL: retailer returned 404 Not Found"
"PK-HLV-036","Ideas Home Home Living Comfort Textile #36","Home & Living","Invalid generated URL: retailer returned 404 Not Found"
"PK-HLV-037","Habitt Home Living Comfort Textile #37","Home & Living","Invalid generated URL: retailer returned 404 Not Found"
"PK-HLV-038","ChenOne Home Living Comfort Textile #38","Home & Living","Invalid generated URL: retailer returned 404 Not Found"
"PK-HLV-039","Ideas Home Home Living Comfort Textile #39","Home & Living","Invalid generated URL: retailer returned 404 Not Found"
"PK-HLV-040","Habitt Home Living Comfort Textile #40","Home & Living","Invalid generated URL: retailer returned 404 Not Found"
"PK-HLV-041","ChenOne Home Living Comfort Textile #41","Home & Living","Invalid generated URL: retailer returned 404 Not Found"
"PK-HLV-042","Ideas Home Home Living Comfort Textile #42","Home & Living","Invalid generated URL: retailer returned 404 Not Found"
"PK-HLV-043","Habitt Home Living Comfort Textile #43","Home & Living","Invalid generated URL: retailer returned 404 Not Found"
"PK-HLV-044","ChenOne Home Living Comfort Textile #44","Home & Living","Invalid generated URL: retailer returned 404 Not Found"
"PK-HLV-045","Ideas Home Home Living Comfort Textile #45","Home & Living","Invalid generated URL: retailer returned 404 Not Found"
"PK-HLV-046","Habitt Home Living Comfort Textile #46","Home & Living","Invalid generated URL: retailer returned 404 Not Found"
"PK-HLV-047","ChenOne Home Living Comfort Textile #47","Home & Living","Invalid generated URL: retailer returned 404 Not Found"
"PK-HLV-048","Ideas Home Home Living Comfort Textile #48","Home & Living","Invalid generated URL: retailer returned 404 Not Found"
"PK-HLV-049","Habitt Home Living Comfort Textile #49","Home & Living","Invalid generated URL: retailer returned 404 Not Found"
"PK-HLV-050","ChenOne Home Living Comfort Textile #50","Home & Living","Invalid generated URL: retailer returned 404 Not Found"
"PK-HLV-051","Ideas Home Home Living Comfort Textile #51","Home & Living","Invalid generated URL: retailer returned 404 Not Found"
"PK-HLV-052","Habitt Home Living Comfort Textile #52","Home & Living","Invalid generated URL: retailer returned 404 Not Found"
"PK-FUR-002","Habitt Modern Study & Computer Workstation Desk Walnut & Matte Black Metal","Furniture & Decor","Invalid generated URL: retailer returned 404 Not Found"
"PK-FUR-004","Habitt Metal 4-Tier Bookshelf & Display Rack Industrial Vintage Brown","Furniture & Decor","Invalid generated URL: retailer returned 404 Not Found"
"PK-FUR-005","Habitt Elegance Round Accent Wall Mirror 24 Inch Brushed Gold Frame","Furniture & Decor","Invalid generated URL: retailer returned 404 Not Found"
"PK-FUR-006","Chahyay Contemporary 3-Seater Fabric Sofa Charcoal Grey","Furniture & Decor","Invalid generated URL: retailer returned 404 Not Found"
"PK-FUR-007","Chahyay Modern Furniture & Living Decor #7","Furniture & Decor","Invalid generated URL: retailer returned 404 Not Found"
"PK-FUR-008","Interwood Modern Furniture & Living Decor #8","Furniture & Decor","Invalid generated URL: retailer returned 404 Not Found"
"PK-FUR-009","Habitt Modern Furniture & Living Decor #9","Furniture & Decor","Invalid generated URL: retailer returned 404 Not Found"
"PK-FUR-010","Chahyay Modern Furniture & Living Decor #10","Furniture & Decor","Invalid generated URL: retailer returned 404 Not Found"
"PK-FUR-011","Interwood Modern Furniture & Living Decor #11","Furniture & Decor","Invalid generated URL: retailer returned 404 Not Found"
"PK-FUR-012","Habitt Modern Furniture & Living Decor #12","Furniture & Decor","Invalid generated URL: retailer returned 404 Not Found"
"PK-FUR-013","Chahyay Modern Furniture & Living Decor #13","Furniture & Decor","Invalid generated URL: retailer returned 404 Not Found"
"PK-FUR-014","Interwood Modern Furniture & Living Decor #14","Furniture & Decor","Invalid generated URL: retailer returned 404 Not Found"
"PK-FUR-015","Habitt Modern Furniture & Living Decor #15","Furniture & Decor","Invalid generated URL: retailer returned 404 Not Found"
"PK-FUR-016","Chahyay Modern Furniture & Living Decor #16","Furniture & Decor","Invalid generated URL: retailer returned 404 Not Found"
"PK-FUR-017","Interwood Modern Furniture & Living Decor #17","Furniture & Decor","Invalid generated URL: retailer returned 404 Not Found"
"PK-FUR-018","Habitt Modern Furniture & Living Decor #18","Furniture & Decor","Invalid generated URL: retailer returned 404 Not Found"
"PK-FUR-019","Chahyay Modern Furniture & Living Decor #19","Furniture & Decor","Invalid generated URL: retailer returned 404 Not Found"
"PK-FUR-020","Interwood Modern Furniture & Living Decor #20","Furniture & Decor","Invalid generated URL: retailer returned 404 Not Found"
"PK-FUR-021","Habitt Modern Furniture & Living Decor #21","Furniture & Decor","Invalid generated URL: retailer returned 404 Not Found"
"PK-FUR-022","Chahyay Modern Furniture & Living Decor #22","Furniture & Decor","Invalid generated URL: retailer returned 404 Not Found"
"PK-FUR-023","Interwood Modern Furniture & Living Decor #23","Furniture & Decor","Invalid generated URL: retailer returned 404 Not Found"
"PK-FUR-024","Habitt Modern Furniture & Living Decor #24","Furniture & Decor","Invalid generated URL: retailer returned 404 Not Found"
"PK-FUR-025","Chahyay Modern Furniture & Living Decor #25","Furniture & Decor","Invalid generated URL: retailer returned 404 Not Found"
"PK-FUR-026","Interwood Modern Furniture & Living Decor #26","Furniture & Decor","Invalid generated URL: retailer returned 404 Not Found"
"PK-FUR-027","Habitt Modern Furniture & Living Decor #27","Furniture & Decor","Invalid generated URL: retailer returned 404 Not Found"
"PK-FUR-028","Chahyay Modern Furniture & Living Decor #28","Furniture & Decor","Invalid generated URL: retailer returned 404 Not Found"
"PK-FUR-029","Interwood Modern Furniture & Living Decor #29","Furniture & Decor","Invalid generated URL: retailer returned 404 Not Found"
"PK-FUR-030","Habitt Modern Furniture & Living Decor #30","Furniture & Decor","Invalid generated URL: retailer returned 404 Not Found"
"PK-FUR-031","Chahyay Modern Furniture & Living Decor #31","Furniture & Decor","Invalid generated URL: retailer returned 404 Not Found"
"PK-FUR-032","Interwood Modern Furniture & Living Decor #32","Furniture & Decor","Invalid generated URL: retailer returned 404 Not Found"
"PK-FUR-033","Habitt Modern Furniture & Living Decor #33","Furniture & Decor","Invalid generated URL: retailer returned 404 Not Found"
"PK-FUR-034","Chahyay Modern Furniture & Living Decor #34","Furniture & Decor","Invalid generated URL: retailer returned 404 Not Found"
"PK-FUR-035","Interwood Modern Furniture & Living Decor #35","Furniture & Decor","Invalid generated URL: retailer returned 404 Not Found"
"PK-FUR-036","Habitt Modern Furniture & Living Decor #36","Furniture & Decor","Invalid generated URL: retailer returned 404 Not Found"
"PK-FUR-037","Chahyay Modern Furniture & Living Decor #37","Furniture & Decor","Invalid generated URL: retailer returned 404 Not Found"
"PK-FUR-038","Interwood Modern Furniture & Living Decor #38","Furniture & Decor","Invalid generated URL: retailer returned 404 Not Found"
"PK-FUR-039","Habitt Modern Furniture & Living Decor #39","Furniture & Decor","Invalid generated URL: retailer returned 404 Not Found"
"PK-FUR-040","Chahyay Modern Furniture & Living Decor #40","Furniture & Decor","Invalid generated URL: retailer returned 404 Not Found"
"PK-FUR-041","Interwood Modern Furniture & Living Decor #41","Furniture & Decor","Invalid generated URL: retailer returned 404 Not Found"
"PK-FUR-042","Habitt Modern Furniture & Living Decor #42","Furniture & Decor","Invalid generated URL: retailer returned 404 Not Found"
"PK-FUR-043","Chahyay Modern Furniture & Living Decor #43","Furniture & Decor","Invalid generated URL: retailer returned 404 Not Found"
"PK-FUR-044","Interwood Modern Furniture & Living Decor #44","Furniture & Decor","Invalid generated URL: retailer returned 404 Not Found"
"PK-FUR-045","Habitt Modern Furniture & Living Decor #45","Furniture & Decor","Invalid generated URL: retailer returned 404 Not Found"
"PK-FUR-046","Chahyay Modern Furniture & Living Decor #46","Furniture & Decor","Invalid generated URL: retailer returned 404 Not Found"
"PK-FUR-047","Interwood Modern Furniture & Living Decor #47","Furniture & Decor","Invalid generated URL: retailer returned 404 Not Found"
"PK-FUR-048","Habitt Modern Furniture & Living Decor #48","Furniture & Decor","Invalid generated URL: retailer returned 404 Not Found"
"PK-FUR-049","Chahyay Modern Furniture & Living Decor #49","Furniture & Decor","Invalid generated URL: retailer returned 404 Not Found"
"PK-FUR-050","Interwood Modern Furniture & Living Decor #50","Furniture & Decor","Invalid generated URL: retailer returned 404 Not Found"
"PK-FUR-051","Habitt Modern Furniture & Living Decor #51","Furniture & Decor","Invalid generated URL: retailer returned 404 Not Found"
"PK-FUR-052","Chahyay Modern Furniture & Living Decor #52","Furniture & Decor","Invalid generated URL: retailer returned 404 Not Found"
"PK-KID-004","Bachaa Party Organic Cotton Infant Baby Rompers Pack of 3 Pastel","Kids & Babies","Invalid generated URL: retailer returned 404 Not Found"
"PK-KID-005","Johnson's Baby Top-To-Toe Gentle Cleansing Wash 500ml Pump Bottle","Kids & Babies","Retailer hotlink blocking: Cloudflare TLS handshake rejection (SEC_E_ILLEGAL_MESSAGE 0x80090326)"
"PK-KID-006","Bachaa Party Convertible Wooden Baby High Chair with Removable Tray","Kids & Babies","Invalid generated URL: retailer returned 404 Not Found"
"PK-KID-007","Mothercare Infant Care & Toddler Care Essential #7","Kids & Babies","Invalid generated URL: retailer returned 404 Not Found"
"PK-KID-008","Pigeon Infant Care & Toddler Care Essential #8","Kids & Babies","Invalid generated URL: retailer returned 404 Not Found"
"PK-KID-009","Bachaa Party Infant Care & Toddler Care Essential #9","Kids & Babies","Invalid generated URL: retailer returned 404 Not Found"
"PK-KID-010","Mothercare Infant Care & Toddler Care Essential #10","Kids & Babies","Invalid generated URL: retailer returned 404 Not Found"
"PK-KID-011","Pigeon Infant Care & Toddler Care Essential #11","Kids & Babies","Invalid generated URL: retailer returned 404 Not Found"
"PK-KID-012","Bachaa Party Infant Care & Toddler Care Essential #12","Kids & Babies","Invalid generated URL: retailer returned 404 Not Found"
"PK-KID-013","Mothercare Infant Care & Toddler Care Essential #13","Kids & Babies","Invalid generated URL: retailer returned 404 Not Found"
"PK-KID-014","Pigeon Infant Care & Toddler Care Essential #14","Kids & Babies","Invalid generated URL: retailer returned 404 Not Found"
"PK-KID-015","Bachaa Party Infant Care & Toddler Care Essential #15","Kids & Babies","Invalid generated URL: retailer returned 404 Not Found"
"PK-KID-016","Mothercare Infant Care & Toddler Care Essential #16","Kids & Babies","Invalid generated URL: retailer returned 404 Not Found"
"PK-KID-017","Pigeon Infant Care & Toddler Care Essential #17","Kids & Babies","Invalid generated URL: retailer returned 404 Not Found"
"PK-KID-018","Bachaa Party Infant Care & Toddler Care Essential #18","Kids & Babies","Invalid generated URL: retailer returned 404 Not Found"
"PK-KID-019","Mothercare Infant Care & Toddler Care Essential #19","Kids & Babies","Invalid generated URL: retailer returned 404 Not Found"
"PK-KID-020","Pigeon Infant Care & Toddler Care Essential #20","Kids & Babies","Invalid generated URL: retailer returned 404 Not Found"
"PK-KID-021","Bachaa Party Infant Care & Toddler Care Essential #21","Kids & Babies","Invalid generated URL: retailer returned 404 Not Found"
"PK-KID-022","Mothercare Infant Care & Toddler Care Essential #22","Kids & Babies","Invalid generated URL: retailer returned 404 Not Found"
"PK-KID-023","Pigeon Infant Care & Toddler Care Essential #23","Kids & Babies","Invalid generated URL: retailer returned 404 Not Found"
"PK-KID-024","Bachaa Party Infant Care & Toddler Care Essential #24","Kids & Babies","Invalid generated URL: retailer returned 404 Not Found"
"PK-KID-025","Mothercare Infant Care & Toddler Care Essential #25","Kids & Babies","Invalid generated URL: retailer returned 404 Not Found"
"PK-KID-026","Pigeon Infant Care & Toddler Care Essential #26","Kids & Babies","Invalid generated URL: retailer returned 404 Not Found"
"PK-KID-027","Bachaa Party Infant Care & Toddler Care Essential #27","Kids & Babies","Invalid generated URL: retailer returned 404 Not Found"
"PK-KID-028","Mothercare Infant Care & Toddler Care Essential #28","Kids & Babies","Invalid generated URL: retailer returned 404 Not Found"
"PK-KID-029","Pigeon Infant Care & Toddler Care Essential #29","Kids & Babies","Invalid generated URL: retailer returned 404 Not Found"
"PK-KID-030","Bachaa Party Infant Care & Toddler Care Essential #30","Kids & Babies","Invalid generated URL: retailer returned 404 Not Found"
"PK-KID-031","Mothercare Infant Care & Toddler Care Essential #31","Kids & Babies","Invalid generated URL: retailer returned 404 Not Found"
"PK-KID-032","Pigeon Infant Care & Toddler Care Essential #32","Kids & Babies","Invalid generated URL: retailer returned 404 Not Found"
"PK-KID-033","Bachaa Party Infant Care & Toddler Care Essential #33","Kids & Babies","Invalid generated URL: retailer returned 404 Not Found"
"PK-KID-034","Mothercare Infant Care & Toddler Care Essential #34","Kids & Babies","Invalid generated URL: retailer returned 404 Not Found"
"PK-KID-035","Pigeon Infant Care & Toddler Care Essential #35","Kids & Babies","Invalid generated URL: retailer returned 404 Not Found"
"PK-KID-036","Bachaa Party Infant Care & Toddler Care Essential #36","Kids & Babies","Invalid generated URL: retailer returned 404 Not Found"
"PK-KID-037","Mothercare Infant Care & Toddler Care Essential #37","Kids & Babies","Invalid generated URL: retailer returned 404 Not Found"
"PK-KID-038","Pigeon Infant Care & Toddler Care Essential #38","Kids & Babies","Invalid generated URL: retailer returned 404 Not Found"
"PK-KID-039","Bachaa Party Infant Care & Toddler Care Essential #39","Kids & Babies","Invalid generated URL: retailer returned 404 Not Found"
"PK-KID-040","Mothercare Infant Care & Toddler Care Essential #40","Kids & Babies","Invalid generated URL: retailer returned 404 Not Found"
"PK-KID-041","Pigeon Infant Care & Toddler Care Essential #41","Kids & Babies","Invalid generated URL: retailer returned 404 Not Found"
"PK-KID-042","Bachaa Party Infant Care & Toddler Care Essential #42","Kids & Babies","Invalid generated URL: retailer returned 404 Not Found"
"PK-KID-043","Mothercare Infant Care & Toddler Care Essential #43","Kids & Babies","Invalid generated URL: retailer returned 404 Not Found"
"PK-KID-044","Pigeon Infant Care & Toddler Care Essential #44","Kids & Babies","Invalid generated URL: retailer returned 404 Not Found"
"PK-KID-045","Bachaa Party Infant Care & Toddler Care Essential #45","Kids & Babies","Invalid generated URL: retailer returned 404 Not Found"
"PK-KID-046","Mothercare Infant Care & Toddler Care Essential #46","Kids & Babies","Invalid generated URL: retailer returned 404 Not Found"
"PK-KID-047","Pigeon Infant Care & Toddler Care Essential #47","Kids & Babies","Invalid generated URL: retailer returned 404 Not Found"
"PK-KID-048","Bachaa Party Infant Care & Toddler Care Essential #48","Kids & Babies","Invalid generated URL: retailer returned 404 Not Found"
"PK-KID-049","Mothercare Infant Care & Toddler Care Essential #49","Kids & Babies","Invalid generated URL: retailer returned 404 Not Found"
"PK-KID-050","Pigeon Infant Care & Toddler Care Essential #50","Kids & Babies","Invalid generated URL: retailer returned 404 Not Found"
"PK-KID-051","Bachaa Party Infant Care & Toddler Care Essential #51","Kids & Babies","Invalid generated URL: retailer returned 404 Not Found"
"PK-KID-052","Mothercare Infant Care & Toddler Care Essential #52","Kids & Babies","Invalid generated URL: retailer returned 404 Not Found"
"PK-TOY-004","Hot Wheels 5-Car Gift Pack Diecast Vehicles Assorted 1:64 Scale","Toys & Games","Invalid generated URL: retailer returned 404 Not Found"
"PK-TOY-005","Bachaa Party 4WD 2.4GHz High-Speed Rock Crawler Remote Control Truck","Toys & Games","Invalid generated URL: retailer returned 404 Not Found"
"PK-TOY-006","Hasbro Jenga Classic Hardwood Tumbling Blocks Stacking Game","Toys & Games","Invalid generated URL: retailer returned 404 Not Found"
"PK-TOY-007","Hot Wheels Action Toy & Educational Brain Game #7","Toys & Games","Invalid generated URL: retailer returned 404 Not Found"
"PK-TOY-008","Lego Action Toy & Educational Brain Game #8","Toys & Games","Invalid generated URL: retailer returned 404 Not Found"
"PK-TOY-009","Bachaa Party Action Toy & Educational Brain Game #9","Toys & Games","Invalid generated URL: retailer returned 404 Not Found"
"PK-TOY-010","Hot Wheels Action Toy & Educational Brain Game #10","Toys & Games","Invalid generated URL: retailer returned 404 Not Found"
"PK-TOY-011","Lego Action Toy & Educational Brain Game #11","Toys & Games","Invalid generated URL: retailer returned 404 Not Found"
"PK-TOY-012","Bachaa Party Action Toy & Educational Brain Game #12","Toys & Games","Invalid generated URL: retailer returned 404 Not Found"
"PK-TOY-013","Hot Wheels Action Toy & Educational Brain Game #13","Toys & Games","Invalid generated URL: retailer returned 404 Not Found"
"PK-TOY-014","Lego Action Toy & Educational Brain Game #14","Toys & Games","Invalid generated URL: retailer returned 404 Not Found"
"PK-TOY-015","Bachaa Party Action Toy & Educational Brain Game #15","Toys & Games","Invalid generated URL: retailer returned 404 Not Found"
"PK-TOY-016","Hot Wheels Action Toy & Educational Brain Game #16","Toys & Games","Invalid generated URL: retailer returned 404 Not Found"
"PK-TOY-017","Lego Action Toy & Educational Brain Game #17","Toys & Games","Invalid generated URL: retailer returned 404 Not Found"
"PK-TOY-018","Bachaa Party Action Toy & Educational Brain Game #18","Toys & Games","Invalid generated URL: retailer returned 404 Not Found"
"PK-TOY-019","Hot Wheels Action Toy & Educational Brain Game #19","Toys & Games","Invalid generated URL: retailer returned 404 Not Found"
"PK-TOY-020","Lego Action Toy & Educational Brain Game #20","Toys & Games","Invalid generated URL: retailer returned 404 Not Found"
"PK-TOY-021","Bachaa Party Action Toy & Educational Brain Game #21","Toys & Games","Invalid generated URL: retailer returned 404 Not Found"
"PK-TOY-022","Hot Wheels Action Toy & Educational Brain Game #22","Toys & Games","Invalid generated URL: retailer returned 404 Not Found"
"PK-TOY-023","Lego Action Toy & Educational Brain Game #23","Toys & Games","Invalid generated URL: retailer returned 404 Not Found"
"PK-TOY-024","Bachaa Party Action Toy & Educational Brain Game #24","Toys & Games","Invalid generated URL: retailer returned 404 Not Found"
"PK-TOY-025","Hot Wheels Action Toy & Educational Brain Game #25","Toys & Games","Invalid generated URL: retailer returned 404 Not Found"
"PK-TOY-026","Lego Action Toy & Educational Brain Game #26","Toys & Games","Invalid generated URL: retailer returned 404 Not Found"
"PK-TOY-027","Bachaa Party Action Toy & Educational Brain Game #27","Toys & Games","Invalid generated URL: retailer returned 404 Not Found"
"PK-TOY-028","Hot Wheels Action Toy & Educational Brain Game #28","Toys & Games","Invalid generated URL: retailer returned 404 Not Found"
"PK-TOY-029","Lego Action Toy & Educational Brain Game #29","Toys & Games","Invalid generated URL: retailer returned 404 Not Found"
"PK-TOY-030","Bachaa Party Action Toy & Educational Brain Game #30","Toys & Games","Invalid generated URL: retailer returned 404 Not Found"
"PK-TOY-031","Hot Wheels Action Toy & Educational Brain Game #31","Toys & Games","Invalid generated URL: retailer returned 404 Not Found"
"PK-TOY-032","Lego Action Toy & Educational Brain Game #32","Toys & Games","Invalid generated URL: retailer returned 404 Not Found"
"PK-TOY-033","Bachaa Party Action Toy & Educational Brain Game #33","Toys & Games","Invalid generated URL: retailer returned 404 Not Found"
"PK-TOY-034","Hot Wheels Action Toy & Educational Brain Game #34","Toys & Games","Invalid generated URL: retailer returned 404 Not Found"
"PK-TOY-035","Lego Action Toy & Educational Brain Game #35","Toys & Games","Invalid generated URL: retailer returned 404 Not Found"
"PK-TOY-036","Bachaa Party Action Toy & Educational Brain Game #36","Toys & Games","Invalid generated URL: retailer returned 404 Not Found"
"PK-TOY-037","Hot Wheels Action Toy & Educational Brain Game #37","Toys & Games","Invalid generated URL: retailer returned 404 Not Found"
"PK-TOY-038","Lego Action Toy & Educational Brain Game #38","Toys & Games","Invalid generated URL: retailer returned 404 Not Found"
"PK-TOY-039","Bachaa Party Action Toy & Educational Brain Game #39","Toys & Games","Invalid generated URL: retailer returned 404 Not Found"
"PK-TOY-040","Hot Wheels Action Toy & Educational Brain Game #40","Toys & Games","Invalid generated URL: retailer returned 404 Not Found"
"PK-TOY-041","Lego Action Toy & Educational Brain Game #41","Toys & Games","Invalid generated URL: retailer returned 404 Not Found"
"PK-TOY-042","Bachaa Party Action Toy & Educational Brain Game #42","Toys & Games","Invalid generated URL: retailer returned 404 Not Found"
"PK-TOY-043","Hot Wheels Action Toy & Educational Brain Game #43","Toys & Games","Invalid generated URL: retailer returned 404 Not Found"
"PK-TOY-044","Lego Action Toy & Educational Brain Game #44","Toys & Games","Invalid generated URL: retailer returned 404 Not Found"
"PK-TOY-045","Bachaa Party Action Toy & Educational Brain Game #45","Toys & Games","Invalid generated URL: retailer returned 404 Not Found"
"PK-TOY-046","Hot Wheels Action Toy & Educational Brain Game #46","Toys & Games","Invalid generated URL: retailer returned 404 Not Found"
"PK-TOY-047","Lego Action Toy & Educational Brain Game #47","Toys & Games","Invalid generated URL: retailer returned 404 Not Found"
"PK-TOY-048","Bachaa Party Action Toy & Educational Brain Game #48","Toys & Games","Invalid generated URL: retailer returned 404 Not Found"
"PK-TOY-049","Hot Wheels Action Toy & Educational Brain Game #49","Toys & Games","Invalid generated URL: retailer returned 404 Not Found"
"PK-TOY-050","Lego Action Toy & Educational Brain Game #50","Toys & Games","Invalid generated URL: retailer returned 404 Not Found"
"PK-TOY-051","Bachaa Party Action Toy & Educational Brain Game #51","Toys & Games","Invalid generated URL: retailer returned 404 Not Found"
"PK-TOY-052","Hot Wheels Action Toy & Educational Brain Game #52","Toys & Games","Invalid generated URL: retailer returned 404 Not Found"
"PK-SPO-004","GymArmour ProDry Moisture-Wicking Athletic Compression Gym Shirt Black","Sports & Fitness","Retailer hotlink blocking: Cloudflare TLS handshake rejection (SEC_E_ILLEGAL_MESSAGE 0x80090326)"
"PK-SPO-005","Nivia High Speed 360 Ball Bearing Wire Skipping Rope Adjustable","Sports & Fitness","Retailer hotlink blocking: Cloudflare TLS handshake rejection (SEC_E_ILLEGAL_MESSAGE 0x80090326)"
"PK-SPO-006","GymArmour Hex Rubber Encased Dumbbells Pair 10kg x 2 (20kg Total)","Sports & Fitness","Retailer hotlink blocking: Cloudflare TLS handshake rejection (SEC_E_ILLEGAL_MESSAGE 0x80090326)"
"PK-SPO-007","GymArmour High-Performance Sports & Fitness Gear #7","Sports & Fitness","Retailer hotlink blocking: Cloudflare TLS handshake rejection (SEC_E_ILLEGAL_MESSAGE 0x80090326)"
"PK-SPO-008","Ihsan Sports High-Performance Sports & Fitness Gear #8","Sports & Fitness","Retailer hotlink blocking: Cloudflare TLS handshake rejection (SEC_E_ILLEGAL_MESSAGE 0x80090326)"
"PK-SPO-009","CA Sports High-Performance Sports & Fitness Gear #9","Sports & Fitness","Retailer hotlink blocking: Cloudflare TLS handshake rejection (SEC_E_ILLEGAL_MESSAGE 0x80090326)"
"PK-SPO-010","GymArmour High-Performance Sports & Fitness Gear #10","Sports & Fitness","Retailer hotlink blocking: Cloudflare TLS handshake rejection (SEC_E_ILLEGAL_MESSAGE 0x80090326)"
"PK-SPO-011","Ihsan Sports High-Performance Sports & Fitness Gear #11","Sports & Fitness","Retailer hotlink blocking: Cloudflare TLS handshake rejection (SEC_E_ILLEGAL_MESSAGE 0x80090326)"
"PK-SPO-012","CA Sports High-Performance Sports & Fitness Gear #12","Sports & Fitness","Retailer hotlink blocking: Cloudflare TLS handshake rejection (SEC_E_ILLEGAL_MESSAGE 0x80090326)"
"PK-SPO-013","GymArmour High-Performance Sports & Fitness Gear #13","Sports & Fitness","Retailer hotlink blocking: Cloudflare TLS handshake rejection (SEC_E_ILLEGAL_MESSAGE 0x80090326)"
"PK-SPO-014","Ihsan Sports High-Performance Sports & Fitness Gear #14","Sports & Fitness","Retailer hotlink blocking: Cloudflare TLS handshake rejection (SEC_E_ILLEGAL_MESSAGE 0x80090326)"
"PK-SPO-015","CA Sports High-Performance Sports & Fitness Gear #15","Sports & Fitness","Retailer hotlink blocking: Cloudflare TLS handshake rejection (SEC_E_ILLEGAL_MESSAGE 0x80090326)"
"PK-SPO-016","GymArmour High-Performance Sports & Fitness Gear #16","Sports & Fitness","Retailer hotlink blocking: Cloudflare TLS handshake rejection (SEC_E_ILLEGAL_MESSAGE 0x80090326)"
"PK-SPO-017","Ihsan Sports High-Performance Sports & Fitness Gear #17","Sports & Fitness","Retailer hotlink blocking: Cloudflare TLS handshake rejection (SEC_E_ILLEGAL_MESSAGE 0x80090326)"
"PK-SPO-018","CA Sports High-Performance Sports & Fitness Gear #18","Sports & Fitness","Retailer hotlink blocking: Cloudflare TLS handshake rejection (SEC_E_ILLEGAL_MESSAGE 0x80090326)"
"PK-SPO-019","GymArmour High-Performance Sports & Fitness Gear #19","Sports & Fitness","Retailer hotlink blocking: Cloudflare TLS handshake rejection (SEC_E_ILLEGAL_MESSAGE 0x80090326)"
"PK-SPO-020","Ihsan Sports High-Performance Sports & Fitness Gear #20","Sports & Fitness","Retailer hotlink blocking: Cloudflare TLS handshake rejection (SEC_E_ILLEGAL_MESSAGE 0x80090326)"
"PK-SPO-021","CA Sports High-Performance Sports & Fitness Gear #21","Sports & Fitness","Retailer hotlink blocking: Cloudflare TLS handshake rejection (SEC_E_ILLEGAL_MESSAGE 0x80090326)"
"PK-SPO-022","GymArmour High-Performance Sports & Fitness Gear #22","Sports & Fitness","Retailer hotlink blocking: Cloudflare TLS handshake rejection (SEC_E_ILLEGAL_MESSAGE 0x80090326)"
"PK-SPO-023","Ihsan Sports High-Performance Sports & Fitness Gear #23","Sports & Fitness","Retailer hotlink blocking: Cloudflare TLS handshake rejection (SEC_E_ILLEGAL_MESSAGE 0x80090326)"
"PK-SPO-024","CA Sports High-Performance Sports & Fitness Gear #24","Sports & Fitness","Retailer hotlink blocking: Cloudflare TLS handshake rejection (SEC_E_ILLEGAL_MESSAGE 0x80090326)"
"PK-SPO-025","GymArmour High-Performance Sports & Fitness Gear #25","Sports & Fitness","Retailer hotlink blocking: Cloudflare TLS handshake rejection (SEC_E_ILLEGAL_MESSAGE 0x80090326)"
"PK-SPO-026","Ihsan Sports High-Performance Sports & Fitness Gear #26","Sports & Fitness","Retailer hotlink blocking: Cloudflare TLS handshake rejection (SEC_E_ILLEGAL_MESSAGE 0x80090326)"
"PK-SPO-027","CA Sports High-Performance Sports & Fitness Gear #27","Sports & Fitness","Retailer hotlink blocking: Cloudflare TLS handshake rejection (SEC_E_ILLEGAL_MESSAGE 0x80090326)"
"PK-SPO-028","GymArmour High-Performance Sports & Fitness Gear #28","Sports & Fitness","Retailer hotlink blocking: Cloudflare TLS handshake rejection (SEC_E_ILLEGAL_MESSAGE 0x80090326)"
"PK-SPO-029","Ihsan Sports High-Performance Sports & Fitness Gear #29","Sports & Fitness","Retailer hotlink blocking: Cloudflare TLS handshake rejection (SEC_E_ILLEGAL_MESSAGE 0x80090326)"
"PK-SPO-030","CA Sports High-Performance Sports & Fitness Gear #30","Sports & Fitness","Retailer hotlink blocking: Cloudflare TLS handshake rejection (SEC_E_ILLEGAL_MESSAGE 0x80090326)"
"PK-SPO-031","GymArmour High-Performance Sports & Fitness Gear #31","Sports & Fitness","Retailer hotlink blocking: Cloudflare TLS handshake rejection (SEC_E_ILLEGAL_MESSAGE 0x80090326)"
"PK-SPO-032","Ihsan Sports High-Performance Sports & Fitness Gear #32","Sports & Fitness","Retailer hotlink blocking: Cloudflare TLS handshake rejection (SEC_E_ILLEGAL_MESSAGE 0x80090326)"
"PK-SPO-033","CA Sports High-Performance Sports & Fitness Gear #33","Sports & Fitness","Retailer hotlink blocking: Cloudflare TLS handshake rejection (SEC_E_ILLEGAL_MESSAGE 0x80090326)"
"PK-SPO-034","GymArmour High-Performance Sports & Fitness Gear #34","Sports & Fitness","Retailer hotlink blocking: Cloudflare TLS handshake rejection (SEC_E_ILLEGAL_MESSAGE 0x80090326)"
"PK-SPO-035","Ihsan Sports High-Performance Sports & Fitness Gear #35","Sports & Fitness","Retailer hotlink blocking: Cloudflare TLS handshake rejection (SEC_E_ILLEGAL_MESSAGE 0x80090326)"
"PK-SPO-036","CA Sports High-Performance Sports & Fitness Gear #36","Sports & Fitness","Retailer hotlink blocking: Cloudflare TLS handshake rejection (SEC_E_ILLEGAL_MESSAGE 0x80090326)"
"PK-SPO-037","GymArmour High-Performance Sports & Fitness Gear #37","Sports & Fitness","Retailer hotlink blocking: Cloudflare TLS handshake rejection (SEC_E_ILLEGAL_MESSAGE 0x80090326)"
"PK-SPO-038","Ihsan Sports High-Performance Sports & Fitness Gear #38","Sports & Fitness","Retailer hotlink blocking: Cloudflare TLS handshake rejection (SEC_E_ILLEGAL_MESSAGE 0x80090326)"
"PK-SPO-039","CA Sports High-Performance Sports & Fitness Gear #39","Sports & Fitness","Retailer hotlink blocking: Cloudflare TLS handshake rejection (SEC_E_ILLEGAL_MESSAGE 0x80090326)"
"PK-SPO-040","GymArmour High-Performance Sports & Fitness Gear #40","Sports & Fitness","Retailer hotlink blocking: Cloudflare TLS handshake rejection (SEC_E_ILLEGAL_MESSAGE 0x80090326)"
"PK-SPO-041","Ihsan Sports High-Performance Sports & Fitness Gear #41","Sports & Fitness","Retailer hotlink blocking: Cloudflare TLS handshake rejection (SEC_E_ILLEGAL_MESSAGE 0x80090326)"
"PK-SPO-042","CA Sports High-Performance Sports & Fitness Gear #42","Sports & Fitness","Retailer hotlink blocking: Cloudflare TLS handshake rejection (SEC_E_ILLEGAL_MESSAGE 0x80090326)"
"PK-SPO-043","GymArmour High-Performance Sports & Fitness Gear #43","Sports & Fitness","Retailer hotlink blocking: Cloudflare TLS handshake rejection (SEC_E_ILLEGAL_MESSAGE 0x80090326)"
"PK-SPO-044","Ihsan Sports High-Performance Sports & Fitness Gear #44","Sports & Fitness","Retailer hotlink blocking: Cloudflare TLS handshake rejection (SEC_E_ILLEGAL_MESSAGE 0x80090326)"
"PK-SPO-045","CA Sports High-Performance Sports & Fitness Gear #45","Sports & Fitness","Retailer hotlink blocking: Cloudflare TLS handshake rejection (SEC_E_ILLEGAL_MESSAGE 0x80090326)"
"PK-SPO-046","GymArmour High-Performance Sports & Fitness Gear #46","Sports & Fitness","Retailer hotlink blocking: Cloudflare TLS handshake rejection (SEC_E_ILLEGAL_MESSAGE 0x80090326)"
"PK-SPO-047","Ihsan Sports High-Performance Sports & Fitness Gear #47","Sports & Fitness","Retailer hotlink blocking: Cloudflare TLS handshake rejection (SEC_E_ILLEGAL_MESSAGE 0x80090326)"
"PK-SPO-048","CA Sports High-Performance Sports & Fitness Gear #48","Sports & Fitness","Retailer hotlink blocking: Cloudflare TLS handshake rejection (SEC_E_ILLEGAL_MESSAGE 0x80090326)"
"PK-SPO-049","GymArmour High-Performance Sports & Fitness Gear #49","Sports & Fitness","Retailer hotlink blocking: Cloudflare TLS handshake rejection (SEC_E_ILLEGAL_MESSAGE 0x80090326)"
"PK-SPO-050","Ihsan Sports High-Performance Sports & Fitness Gear #50","Sports & Fitness","Retailer hotlink blocking: Cloudflare TLS handshake rejection (SEC_E_ILLEGAL_MESSAGE 0x80090326)"
"PK-SPO-051","CA Sports High-Performance Sports & Fitness Gear #51","Sports & Fitness","Retailer hotlink blocking: Cloudflare TLS handshake rejection (SEC_E_ILLEGAL_MESSAGE 0x80090326)"
"PK-SPO-052","GymArmour High-Performance Sports & Fitness Gear #52","Sports & Fitness","Retailer hotlink blocking: Cloudflare TLS handshake rejection (SEC_E_ILLEGAL_MESSAGE 0x80090326)"
"PK-BKS-004","The Psychology of Money by Morgan Housel Paperback","Books & Stationery","Retailer hotlink blocking: Cloudflare TLS handshake rejection (SEC_E_ILLEGAL_MESSAGE 0x80090326)"
"PK-BKS-005","Dollar Fountain Pen SP-10 Smooth Ink Flow Pack of 10 Blue","Books & Stationery","Retailer hotlink blocking: Cloudflare TLS handshake rejection (SEC_E_ILLEGAL_MESSAGE 0x80090326)"
"PK-BKS-006","Dux Executive Hardbound A5 Grid Journal 192 Pages Thick 100 GSM Paper","Books & Stationery","Retailer hotlink blocking: Cloudflare TLS handshake rejection (SEC_E_ILLEGAL_MESSAGE 0x80090326)"
"PK-BKS-007","Readings Literature & Academic Stationery #7","Books & Stationery","Retailer hotlink blocking: Cloudflare TLS handshake rejection (SEC_E_ILLEGAL_MESSAGE 0x80090326)"
"PK-BKS-008","Dollar Literature & Academic Stationery #8","Books & Stationery","Retailer hotlink blocking: Cloudflare TLS handshake rejection (SEC_E_ILLEGAL_MESSAGE 0x80090326)"
"PK-BKS-009","Liberty Books Literature & Academic Stationery #9","Books & Stationery","Retailer hotlink blocking: Cloudflare TLS handshake rejection (SEC_E_ILLEGAL_MESSAGE 0x80090326)"
"PK-BKS-010","Readings Literature & Academic Stationery #10","Books & Stationery","Retailer hotlink blocking: Cloudflare TLS handshake rejection (SEC_E_ILLEGAL_MESSAGE 0x80090326)"
"PK-BKS-011","Dollar Literature & Academic Stationery #11","Books & Stationery","Retailer hotlink blocking: Cloudflare TLS handshake rejection (SEC_E_ILLEGAL_MESSAGE 0x80090326)"
"PK-BKS-012","Liberty Books Literature & Academic Stationery #12","Books & Stationery","Retailer hotlink blocking: Cloudflare TLS handshake rejection (SEC_E_ILLEGAL_MESSAGE 0x80090326)"
"PK-BKS-013","Readings Literature & Academic Stationery #13","Books & Stationery","Retailer hotlink blocking: Cloudflare TLS handshake rejection (SEC_E_ILLEGAL_MESSAGE 0x80090326)"
"PK-BKS-014","Dollar Literature & Academic Stationery #14","Books & Stationery","Retailer hotlink blocking: Cloudflare TLS handshake rejection (SEC_E_ILLEGAL_MESSAGE 0x80090326)"
"PK-BKS-015","Liberty Books Literature & Academic Stationery #15","Books & Stationery","Retailer hotlink blocking: Cloudflare TLS handshake rejection (SEC_E_ILLEGAL_MESSAGE 0x80090326)"
"PK-BKS-016","Readings Literature & Academic Stationery #16","Books & Stationery","Retailer hotlink blocking: Cloudflare TLS handshake rejection (SEC_E_ILLEGAL_MESSAGE 0x80090326)"
"PK-BKS-017","Dollar Literature & Academic Stationery #17","Books & Stationery","Retailer hotlink blocking: Cloudflare TLS handshake rejection (SEC_E_ILLEGAL_MESSAGE 0x80090326)"
"PK-BKS-018","Liberty Books Literature & Academic Stationery #18","Books & Stationery","Retailer hotlink blocking: Cloudflare TLS handshake rejection (SEC_E_ILLEGAL_MESSAGE 0x80090326)"
"PK-BKS-019","Readings Literature & Academic Stationery #19","Books & Stationery","Retailer hotlink blocking: Cloudflare TLS handshake rejection (SEC_E_ILLEGAL_MESSAGE 0x80090326)"
"PK-BKS-020","Dollar Literature & Academic Stationery #20","Books & Stationery","Retailer hotlink blocking: Cloudflare TLS handshake rejection (SEC_E_ILLEGAL_MESSAGE 0x80090326)"
"PK-BKS-021","Liberty Books Literature & Academic Stationery #21","Books & Stationery","Retailer hotlink blocking: Cloudflare TLS handshake rejection (SEC_E_ILLEGAL_MESSAGE 0x80090326)"
"PK-BKS-022","Readings Literature & Academic Stationery #22","Books & Stationery","Retailer hotlink blocking: Cloudflare TLS handshake rejection (SEC_E_ILLEGAL_MESSAGE 0x80090326)"
"PK-BKS-023","Dollar Literature & Academic Stationery #23","Books & Stationery","Retailer hotlink blocking: Cloudflare TLS handshake rejection (SEC_E_ILLEGAL_MESSAGE 0x80090326)"
"PK-BKS-024","Liberty Books Literature & Academic Stationery #24","Books & Stationery","Retailer hotlink blocking: Cloudflare TLS handshake rejection (SEC_E_ILLEGAL_MESSAGE 0x80090326)"
"PK-BKS-025","Readings Literature & Academic Stationery #25","Books & Stationery","Retailer hotlink blocking: Cloudflare TLS handshake rejection (SEC_E_ILLEGAL_MESSAGE 0x80090326)"
"PK-BKS-026","Dollar Literature & Academic Stationery #26","Books & Stationery","Retailer hotlink blocking: Cloudflare TLS handshake rejection (SEC_E_ILLEGAL_MESSAGE 0x80090326)"
"PK-BKS-027","Liberty Books Literature & Academic Stationery #27","Books & Stationery","Retailer hotlink blocking: Cloudflare TLS handshake rejection (SEC_E_ILLEGAL_MESSAGE 0x80090326)"
"PK-BKS-028","Readings Literature & Academic Stationery #28","Books & Stationery","Retailer hotlink blocking: Cloudflare TLS handshake rejection (SEC_E_ILLEGAL_MESSAGE 0x80090326)"
"PK-BKS-029","Dollar Literature & Academic Stationery #29","Books & Stationery","Retailer hotlink blocking: Cloudflare TLS handshake rejection (SEC_E_ILLEGAL_MESSAGE 0x80090326)"
"PK-BKS-030","Liberty Books Literature & Academic Stationery #30","Books & Stationery","Retailer hotlink blocking: Cloudflare TLS handshake rejection (SEC_E_ILLEGAL_MESSAGE 0x80090326)"
"PK-BKS-031","Readings Literature & Academic Stationery #31","Books & Stationery","Retailer hotlink blocking: Cloudflare TLS handshake rejection (SEC_E_ILLEGAL_MESSAGE 0x80090326)"
"PK-BKS-032","Dollar Literature & Academic Stationery #32","Books & Stationery","Retailer hotlink blocking: Cloudflare TLS handshake rejection (SEC_E_ILLEGAL_MESSAGE 0x80090326)"
"PK-BKS-033","Liberty Books Literature & Academic Stationery #33","Books & Stationery","Retailer hotlink blocking: Cloudflare TLS handshake rejection (SEC_E_ILLEGAL_MESSAGE 0x80090326)"
"PK-BKS-034","Readings Literature & Academic Stationery #34","Books & Stationery","Retailer hotlink blocking: Cloudflare TLS handshake rejection (SEC_E_ILLEGAL_MESSAGE 0x80090326)"
"PK-BKS-035","Dollar Literature & Academic Stationery #35","Books & Stationery","Retailer hotlink blocking: Cloudflare TLS handshake rejection (SEC_E_ILLEGAL_MESSAGE 0x80090326)"
"PK-BKS-036","Liberty Books Literature & Academic Stationery #36","Books & Stationery","Retailer hotlink blocking: Cloudflare TLS handshake rejection (SEC_E_ILLEGAL_MESSAGE 0x80090326)"
"PK-BKS-037","Readings Literature & Academic Stationery #37","Books & Stationery","Retailer hotlink blocking: Cloudflare TLS handshake rejection (SEC_E_ILLEGAL_MESSAGE 0x80090326)"
"PK-BKS-038","Dollar Literature & Academic Stationery #38","Books & Stationery","Retailer hotlink blocking: Cloudflare TLS handshake rejection (SEC_E_ILLEGAL_MESSAGE 0x80090326)"
"PK-BKS-039","Liberty Books Literature & Academic Stationery #39","Books & Stationery","Retailer hotlink blocking: Cloudflare TLS handshake rejection (SEC_E_ILLEGAL_MESSAGE 0x80090326)"
"PK-BKS-040","Readings Literature & Academic Stationery #40","Books & Stationery","Retailer hotlink blocking: Cloudflare TLS handshake rejection (SEC_E_ILLEGAL_MESSAGE 0x80090326)"
"PK-BKS-041","Dollar Literature & Academic Stationery #41","Books & Stationery","Retailer hotlink blocking: Cloudflare TLS handshake rejection (SEC_E_ILLEGAL_MESSAGE 0x80090326)"
"PK-BKS-042","Liberty Books Literature & Academic Stationery #42","Books & Stationery","Retailer hotlink blocking: Cloudflare TLS handshake rejection (SEC_E_ILLEGAL_MESSAGE 0x80090326)"
"PK-BKS-043","Readings Literature & Academic Stationery #43","Books & Stationery","Retailer hotlink blocking: Cloudflare TLS handshake rejection (SEC_E_ILLEGAL_MESSAGE 0x80090326)"
"PK-BKS-044","Dollar Literature & Academic Stationery #44","Books & Stationery","Retailer hotlink blocking: Cloudflare TLS handshake rejection (SEC_E_ILLEGAL_MESSAGE 0x80090326)"
"PK-BKS-045","Liberty Books Literature & Academic Stationery #45","Books & Stationery","Retailer hotlink blocking: Cloudflare TLS handshake rejection (SEC_E_ILLEGAL_MESSAGE 0x80090326)"
"PK-BKS-046","Readings Literature & Academic Stationery #46","Books & Stationery","Retailer hotlink blocking: Cloudflare TLS handshake rejection (SEC_E_ILLEGAL_MESSAGE 0x80090326)"
"PK-BKS-047","Dollar Literature & Academic Stationery #47","Books & Stationery","Retailer hotlink blocking: Cloudflare TLS handshake rejection (SEC_E_ILLEGAL_MESSAGE 0x80090326)"
"PK-BKS-048","Liberty Books Literature & Academic Stationery #48","Books & Stationery","Retailer hotlink blocking: Cloudflare TLS handshake rejection (SEC_E_ILLEGAL_MESSAGE 0x80090326)"
"PK-BKS-049","Readings Literature & Academic Stationery #49","Books & Stationery","Retailer hotlink blocking: Cloudflare TLS handshake rejection (SEC_E_ILLEGAL_MESSAGE 0x80090326)"
"PK-BKS-050","Dollar Literature & Academic Stationery #50","Books & Stationery","Retailer hotlink blocking: Cloudflare TLS handshake rejection (SEC_E_ILLEGAL_MESSAGE 0x80090326)"
"PK-BKS-051","Liberty Books Literature & Academic Stationery #51","Books & Stationery","Retailer hotlink blocking: Cloudflare TLS handshake rejection (SEC_E_ILLEGAL_MESSAGE 0x80090326)"
"PK-BKS-052","Readings Literature & Academic Stationery #52","Books & Stationery","Retailer hotlink blocking: Cloudflare TLS handshake rejection (SEC_E_ILLEGAL_MESSAGE 0x80090326)"
